keyword,cluster,monthly_volume,cpc_usd,competition,intent,sources
random number generator rng,Other,1500000,3.17,LOW,Transactional,apify_autocomplete
qr barcode code generator,QR codes,823000,4.85,MEDIUM,Transactional,suggestions
qr code generator,QR codes,823000,4.85,MEDIUM,Transactional,related|suggestions
qr code scanner,QR codes,201000,1.77,MEDIUM,Informational,related
canva qr code generator,QR codes,165000,5.82,LOW,Transactional,related|suggestions
canva's qr code generator,QR codes,165000,5.82,LOW,Transactional,suggestions
canvas qr code generator,QR codes,165000,5.82,LOW,Transactional,suggestions
free qr code generator,QR codes,165000,5.12,HIGH,Transactional,related|suggestions
freeware qr code generator,QR codes,165000,5.12,HIGH,Transactional,suggestions
adobe express qr code generator,QR codes,135000,4.68,LOW,Transactional,related|suggestions
random word generator,Random words/nouns,135000,,LOW,Transactional,related|suggestions
create free qr code generator,QR codes,110000,5.26,HIGH,Transactional,suggestions
create qr code free,QR codes,110000,5.26,HIGH,Transactional,related
free qr code creator generator,QR codes,110000,5.26,HIGH,Transactional,suggestions
qr code generator for free,QR codes,110000,5.26,HIGH,Transactional,suggestions
qr code generator free,QR codes,110000,5.26,HIGH,Transactional,suggestions
qr code generator freeware,QR codes,110000,5.26,HIGH,Transactional,suggestions
qrcode monkey qr code generator,QR codes,74000,4.32,LOW,Transactional,suggestions
random bible verse,Bible verses,74000,18.99,LOW,Informational,related|suggestions
random number generator org,Other,74000,,LOW,Transactional,apify_autocomplete
random verse from the bible,Bible verses,74000,18.99,LOW,Informational,suggestions
random verse in bible,Bible verses,74000,18.99,LOW,Informational,suggestions
random verse of the bible,Bible verses,74000,18.99,LOW,Informational,suggestions
qr code generator line,QR codes,49500,2.81,LOW,Transactional,suggestions
qr code generator online,QR codes,49500,2.81,LOW,Transactional,suggestions
qr code monkey,QR codes,40500,1.32,MEDIUM,Informational,related
adobe qr code generator,QR codes,33100,8,LOW,Transactional,related|suggestions
bible verses about relationships,Bible verses,33100,1.4,LOW,Informational,related
pictionary word generator,Random words/nouns,33100,,LOW,Transactional,related
temp number,Phone numbers,33100,3.17,LOW,Informational,related
free qr code generator online,QR codes,27100,3.79,LOW,Transactional,suggestions
generate qr code online for free,QR codes,27100,3.79,LOW,Transactional,apify_autocomplete
random phone number,Phone numbers,27100,3.63,LOW,Informational,related|suggestions
bible verses about life,Bible verses,22200,7.06,LOW,Informational,related
word generator from letters,Random words/nouns,22200,0.02,LOW,Transactional,related
word generator from random letters,Random words/nouns,22200,0.02,LOW,Transactional,suggestions
bible verses about strength in hard times,Bible verses,18100,2.67,LOW,Informational,related
qrcode monkey free qr code generator,QR codes,18100,3.15,LOW,Transactional,suggestions
random bible verse generator,Bible verses,18100,15.05,LOW,Transactional,related|suggestions
random object generator,Random objects,18100,,LOW,Transactional,related|suggestions
bible verse for today morning,Bible verses,14800,7.99,LOW,Informational,related
create a qr code generator,QR codes,14800,5.27,HIGH,Transactional,suggestions
create qr code generator,QR codes,14800,5.27,HIGH,Transactional,suggestions
creating a qr code generator,QR codes,14800,5.27,HIGH,Transactional,suggestions
generate qr code generator,QR codes,14800,5.27,HIGH,Transactional,suggestions
make qr code generator,QR codes,14800,5.27,HIGH,Transactional,suggestions
making qr code generator,QR codes,14800,5.27,HIGH,Transactional,suggestions
qr code generator site,QR codes,14800,10.93,MEDIUM,Transactional,suggestions
qr code generator sites,QR codes,14800,10.93,MEDIUM,Transactional,suggestions
qr code generator web,QR codes,14800,10.93,MEDIUM,Transactional,suggestions
qr code generator website,QR codes,14800,10.93,MEDIUM,Transactional,suggestions
random number generator picker,Other,14800,1.23,LOW,Transactional,apify_autocomplete
random object,Random objects,14800,,LOW,Informational,related|suggestions
web page qr code generator,QR codes,14800,10.93,MEDIUM,Transactional,suggestions
random numbers to call,Phone numbers,12100,2.15,LOW,Informational,related
receive sms online,Phone numbers,12100,2.69,LOW,Transactional,related
funny numbers to call,Phone numbers,9900,,LOW,Informational,related
generate random list,Other,9900,,LOW,Informational,apify_autocomplete
google qr code generator,QR codes,9900,3.91,MEDIUM,Transactional,related|suggestions
google's qr code generator,QR codes,9900,3.91,MEDIUM,Transactional,suggestions
pictionary words,Random words/nouns,9900,0.13,LOW,Informational,related
qr code generator by google,QR codes,9900,3.91,MEDIUM,Transactional,suggestions
qr code generator for google chrome,QR codes,9900,5.24,LOW,Transactional,suggestions
qr code generator google chrome,QR codes,9900,5.24,LOW,Transactional,related|suggestions
qr code generator on google,QR codes,9900,3.91,MEDIUM,Transactional,suggestions
short inspirational bible verses,Bible verses,9900,1.42,HIGH,Informational,related
temporary phone number for verification,Phone numbers,9900,2.25,LOW,Informational,related
the qr code generator,QR codes,9900,7.64,MEDIUM,Transactional,suggestions
bible verse of the day about strength,Bible verses,8100,4.5,LOW,Informational,related
custom qr code generator,QR codes,8100,9.23,LOW,Transactional,suggestions
customizable qr code generator,QR codes,8100,9.23,LOW,Transactional,suggestions
customized qr code generator,QR codes,8100,9.23,LOW,Transactional,suggestions
inspirational verse of the day,Bible verses,8100,5.66,LOW,Informational,related
qr code generator for url,QR codes,8100,7.6,HIGH,Transactional,suggestions
qr code generator from url,QR codes,8100,7.6,HIGH,Transactional,suggestions
qr code generator personalized,QR codes,8100,9.23,LOW,Transactional,suggestions
qr code generator url,QR codes,8100,7.6,HIGH,Transactional,suggestions
random drawing generator,Random words/nouns,8100,5.66,LOW,Transactional,related
bible verses about love and strength,Bible verses,6600,5.22,LOW,Informational,related
free phone number for verification,Phone numbers,6600,2.53,LOW,Transactional,related
how to make a qr code generator,QR codes,6600,5.93,MEDIUM,Transactional,suggestions
me-qr qr code generator,QR codes,6600,4.02,LOW,Transactional,suggestions
real phone numbers to call,Phone numbers,6600,2.53,LOW,Informational,related
canva qr code,QR codes,5400,4.65,LOW,Informational,related
jotform qr code generator,QR codes,5400,5.52,LOW,Transactional,related|suggestions
jotform's qr code generator,QR codes,5400,5.52,LOW,Transactional,suggestions
link qr code generator,QR codes,5400,4.84,MEDIUM,Transactional,suggestions
link to qr code generator,QR codes,5400,4.84,MEDIUM,Transactional,suggestions
pictionary generator,Random words/nouns,5400,,LOW,Transactional,related
qr code generator canva,QR codes,5400,5.76,MEDIUM,Transactional,related|suggestions
qr code scanner from image,QR codes,5400,1.17,LOW,Informational,related
random bible verse for the day,Bible verses,5400,14.52,LOW,Informational,suggestions
random bible verse for today,Bible verses,5400,14.52,LOW,Informational,suggestions
random bible verse of the day,Bible verses,5400,14.52,LOW,Informational,related|suggestions
random bible verse today,Bible verses,5400,14.52,LOW,Informational,suggestions
random noun generator,Random words/nouns,5400,,LOW,Transactional,related|suggestions
random nouns generator,Random words/nouns,5400,,LOW,Transactional,apify_autocomplete
random number generator between 1 and 2,Other,5400,,LOW,Transactional,apify_autocomplete
bible verse generator,Bible verses,4400,16.84,LOW,Transactional,related|suggestions
bible verses about love and relationships,Bible verses,4400,2.15,LOW,Informational,related
business card qr code generator,QR codes,4400,10.36,MEDIUM,Transactional,suggestions
free qr code generator no sign up,QR codes,4400,3.84,HIGH,Transactional,related|suggestions
give me a random bible verse,Bible verses,4400,12.62,LOW,Informational,suggestions
qr code generator for business card,QR codes,4400,10.36,MEDIUM,Transactional,suggestions
qr code generator for business cards,QR codes,4400,10.36,MEDIUM,Transactional,suggestions
qr code visit card generator,QR codes,4400,10.36,MEDIUM,Transactional,suggestions
qr code visiting card generator,QR codes,4400,10.36,MEDIUM,Transactional,suggestions
random number generator spinner,Other,4400,1.62,LOW,Transactional,apify_autocomplete
random phone number generator,Phone numbers,4400,1.8,LOW,Transactional,related|suggestions
random phone number generators,Phone numbers,4400,1.8,LOW,Transactional,suggestions
short bible verses about love,Bible verses,4400,2.37,MEDIUM,Informational,related
bible verse for tonight,Bible verses,3600,2.28,LOW,Informational,related
bible verses about encouraging others,Bible verses,3600,2.49,LOW,Informational,related
free qr code generator google,QR codes,3600,4.56,HIGH,Transactional,related|suggestions
object generator,Random objects,3600,,LOW,Transactional,related
qr code generator google,QR codes,3600,4.27,MEDIUM,Transactional,related
random number generator excel,Other,3600,,LOW,Transactional,apify_autocomplete
random number generator on excel,Other,3600,,LOW,Transactional,apify_autocomplete
random number generator python,Other,3600,16.16,LOW,Transactional,apify_autocomplete
random number generator sequence,Other,3600,,LOW,Transactional,apify_autocomplete
random object to draw,Random objects,3600,,LOW,Informational,related|suggestions
random phone number call,Phone numbers,3600,2.2,LOW,Informational,suggestions
random phone number calling,Phone numbers,3600,2.2,LOW,Informational,suggestions
random phone number calls,Phone numbers,3600,2.2,LOW,Informational,suggestions
random phone number to call,Phone numbers,3600,2.2,LOW,Informational,suggestions
random phone numbers to call,Phone numbers,3600,2.2,LOW,Informational,related
american phone number random,Phone numbers,2900,2.51,LOW,Informational,suggestions
bible verses about romantic love,Bible verses,2900,2.69,LOW,Informational,related
free qr code generator no expiration,QR codes,2900,4.49,HIGH,Transactional,suggestions
free us number for verification,Phone numbers,2900,3.08,LOW,Transactional,related
google qr code,QR codes,2900,3.39,MEDIUM,Informational,related
random adjective generator,Random words/nouns,2900,,LOW,Transactional,related
random number generator between 1 and 10,Other,2900,,LOW,Transactional,apify_autocomplete
random number generator between 1 and 100,Other,2900,,LOW,Transactional,apify_autocomplete
random number generator between 1 and 3,Other,2900,,LOW,Transactional,apify_autocomplete
random number generator online,Other,2900,,LOW,Transactional,apify_autocomplete
random phone number america,Phone numbers,2900,2.51,LOW,Informational,suggestions
random phone number in the us,Phone numbers,2900,2.51,LOW,Informational,suggestions
random phone number in us,Phone numbers,2900,2.51,LOW,Informational,suggestions
random phone number in usa,Phone numbers,2900,2.51,LOW,Informational,suggestions
random phone number us,Phone numbers,2900,2.51,LOW,Informational,suggestions
random phone number usa,Phone numbers,2900,2.51,LOW,Informational,related|suggestions
random u.s phone number,Phone numbers,2900,2.51,LOW,Informational,suggestions
random us cell phone number,Phone numbers,2900,2.51,LOW,Informational,suggestions
random us mobile phone number,Phone numbers,2900,2.51,LOW,Informational,suggestions
random word generator for song,Random words/nouns,2900,6.07,LOW,Transactional,suggestions
random word generator for songs,Random words/nouns,2900,6.07,LOW,Transactional,related|suggestions
receive sms online free,Phone numbers,2900,1.92,LOW,Transactional,related
united states random phone number,Phone numbers,2900,2.51,LOW,Informational,suggestions
best free qr code generator,QR codes,2400,4.42,MEDIUM,Transactional,related|suggestions
best qr code generator,QR codes,2400,11.94,HIGH,Transactional,related
bible verse for me today,Bible verses,2400,5.94,LOW,Informational,related
qr code generator with logo,QR codes,2400,7.44,MEDIUM,Transactional,related
random number generator no repeats,Other,2400,1.28,LOW,Transactional,apify_autocomplete
random number generator non repeating,Other,2400,1.28,LOW,Transactional,apify_autocomplete
verse of the day with reflection,Bible verses,2400,9.34,LOW,Informational,related
bible verses about living life with purpose,Bible verses,1900,5.73,LOW,Informational,related
fake phone number generator,Phone numbers,1900,2.21,LOW,Transactional,related|suggestions
phone number generator for messages,Phone numbers,1900,4.6,LOW,Transactional,related
qr code generator free no expiration,QR codes,1900,3.78,HIGH,Transactional,suggestions
qr code scanner google,QR codes,1900,1.79,LOW,Informational,related
random number generator java,Other,1900,2.75,LOW,Transactional,apify_autocomplete
random number generator list,Other,1900,3.27,LOW,Transactional,apify_autocomplete
random word generator for pictionary,Random words/nouns,1900,,LOW,Transactional,suggestions
random word generator pictionary,Random words/nouns,1900,,LOW,Transactional,related|suggestions
rick roll qr code small,QR codes,1900,,LOW,Informational,related
free virtual number for sms,Phone numbers,1600,2.89,LOW,Transactional,related
random bible page,Bible verses,1600,29.48,LOW,Informational,related
random bible verse king james version,Bible verses,1600,6.77,LOW,Informational,suggestions
random bible verse kjv,Bible verses,1600,6.77,LOW,Informational,suggestions
random canadian phone number,Phone numbers,1600,,LOW,Informational,suggestions
random king james bible verse,Bible verses,1600,6.77,LOW,Informational,suggestions
random number generator powerball,Other,1600,0.47,LOW,Transactional,apify_autocomplete
random phone number canada,Phone numbers,1600,,LOW,Informational,suggestions
random phone number in canada,Phone numbers,1600,,LOW,Informational,suggestions
real phone numbers to call with friends,Phone numbers,1600,1.89,LOW,Informational,related
static qr code generator,QR codes,1600,3.98,MEDIUM,Transactional,related
bulk qr code generator,QR codes,1300,4.52,LOW,Transactional,related
free qr code generator that doesn't expire,QR codes,1300,4.13,HIGH,Transactional,suggestions
give me a random phone number,Phone numbers,1300,3.05,LOW,Informational,suggestions
qr code scanner apk,QR codes,1300,0.92,LOW,Informational,related
random bible chapter generator,Bible verses,1300,22.19,LOW,Transactional,related
random bible verse of the day kjv,Bible verses,1300,0.99,LOW,Informational,suggestions
random item generator minecraft,Random objects,1300,,LOW,Transactional,apify_autocomplete
random phone number to prank,Phone numbers,1300,,LOW,Informational,suggestions
random phone numbers to prank,Phone numbers,1300,,LOW,Informational,related
real phone numbers to call free,Phone numbers,1300,,LOW,Transactional,related
real phone numbers to call prank,Phone numbers,1300,,LOW,Informational,related
bible verses about love and hope,Bible verses,1000,2.84,LOW,Informational,related
charades random word generator,Random words/nouns,1000,,LOW,Transactional,suggestions
generate qr code from text,QR codes,1000,1.05,MEDIUM,Informational,apify_autocomplete
pictionary words for adults,Random words/nouns,1000,0.11,LOW,Informational,related
psalms verse of the day kjv,Bible verses,1000,15.4,LOW,Informational,related
qr code generator text,QR codes,1000,1.05,MEDIUM,Transactional,related
random 5 letter word generator,Random words/nouns,1000,,LOW,Transactional,suggestions
random charade word generator,Random words/nouns,1000,,LOW,Transactional,suggestions
random number generator google,Other,1000,,LOW,Transactional,apify_autocomplete
random number generator lottery,Other,1000,0.19,LOW,Transactional,apify_autocomplete
random number generator lotto,Other,1000,0.19,LOW,Transactional,apify_autocomplete
random number generator to 1000,Other,1000,,LOW,Transactional,apify_autocomplete
random word generator for charades,Random words/nouns,1000,,LOW,Transactional,suggestions
random word generator wheel,Random words/nouns,1000,,LOW,Transactional,suggestions
do canva qr codes expire,QR codes,880,9.9,LOW,Informational,related
list of random objects,Random objects,880,,LOW,Informational,related
random number generator hardware,Other,880,15.38,LOW,Transactional,apify_autocomplete
random object list,Random objects,880,,LOW,Informational,suggestions
random people's phone number,Phone numbers,880,9.07,LOW,Informational,suggestions
random person's phone number,Phone numbers,880,9.07,LOW,Informational,suggestions
random verb generator,Random words/nouns,880,,LOW,Transactional,related
scan qr online,QR codes,880,1.42,LOW,Transactional,related
daily bible verse with explanation,Bible verses,720,4.11,LOW,Informational,related
free qr code generator website,QR codes,720,5.79,LOW,Transactional,suggestions
funny pictionary words,Random words/nouns,720,0.17,LOW,Informational,related
qr code generator free no sign up,QR codes,720,2.11,MEDIUM,Transactional,suggestions
random barcode generator,Other,720,3.95,LOW,Transactional,apify_autocomplete
random british phone number,Phone numbers,720,,LOW,Informational,suggestions
random number generator calculator,Other,720,,LOW,Transactional,apify_autocomplete
random number generator on calculator,Other,720,,LOW,Transactional,apify_autocomplete
random phone number in uk,Phone numbers,720,,LOW,Informational,suggestions
random phone number uk,Phone numbers,720,,LOW,Informational,suggestions
real random phone number,Phone numbers,720,,LOW,Informational,suggestions
what is a random phone number,Phone numbers,720,,LOW,Informational,suggestions
australia random phone number,Phone numbers,590,,LOW,Informational,suggestions
bible verses about love and trust,Bible verses,590,0.03,LOW,Informational,related
celebrity numbers to prank call,Phone numbers,590,,LOW,Informational,related
daily random bible verse,Bible verses,590,18.33,LOW,Informational,suggestions
free qr code generator logo,QR codes,590,6.63,MEDIUM,Transactional,suggestions
free qr code generator reddit,QR codes,590,3.57,LOW,Transactional,related|suggestions
free qr code generator with logo,QR codes,590,6.63,MEDIUM,Transactional,suggestions
free static qr code generator,QR codes,590,3.33,MEDIUM,Transactional,related|suggestions
generate random qr code,QR codes,590,2.01,LOW,Informational,apify_autocomplete
hangman word generator,Random words/nouns,590,,LOW,Transactional,related
list of 100 random objects,Random objects,590,,LOW,Informational,related
password random word generator,Random words/nouns,590,0.15,LOW,Transactional,suggestions
qr code generator with logo for free,QR codes,590,6.63,MEDIUM,Transactional,suggestions
random au phone number,Phone numbers,590,,LOW,Informational,suggestions
random australian phone number,Phone numbers,590,,LOW,Informational,suggestions
random number generator decimal,Other,590,,LOW,Transactional,apify_autocomplete
random number generator order,Other,590,,LOW,Transactional,apify_autocomplete
random qr code generator,QR codes,590,2.01,LOW,Transactional,related|suggestions
second phone number for verification free,Phone numbers,590,2.39,MEDIUM,Transactional,related
word generator random,Random words/nouns,590,,LOW,Transactional,suggestions
10000 random words,Random words/nouns,480,,LOW,Informational,related
a random bible verse,Bible verses,480,18.09,LOW,Informational,suggestions
a random phone number,Phone numbers,480,,LOW,Informational,suggestions
canva free qr code generator,QR codes,480,4.35,LOW,Transactional,suggestions
dynamic qr code generator free,QR codes,480,6.39,HIGH,Transactional,suggestions
free qr code generator for vcard,QR codes,480,5.38,MEDIUM,Transactional,suggestions
free qr code generator vcard,QR codes,480,5.38,MEDIUM,Transactional,suggestions
generate a random phone number,Phone numbers,480,2.11,LOW,Informational,suggestions
generate random phone number,Phone numbers,480,2.11,LOW,Informational,suggestions
generate random us phone number,Phone numbers,480,2.3,LOW,Informational,suggestions
get random phone number,Phone numbers,480,2.11,LOW,Informational,suggestions
object show oc generator,Random objects,480,,LOW,Transactional,related
random number generator between,Other,480,,LOW,Transactional,apify_autocomplete
random number generator matlab,Other,480,,LOW,Transactional,apify_autocomplete
random number generator multiple,Other,480,,LOW,Transactional,apify_autocomplete
random number generator phone,Phone numbers,480,2.11,LOW,Transactional,suggestions
random number generator quantum,Other,480,4.93,LOW,Transactional,apify_autocomplete
random number generator to 100,Other,480,,LOW,Transactional,apify_autocomplete
random object generator to draw,Random objects,480,,LOW,Transactional,related|suggestions
random phone generator us,Phone numbers,480,2.3,LOW,Transactional,apify_autocomplete
random phone number gen,Phone numbers,480,2.11,LOW,Informational,suggestions
random phone number generator us,Phone numbers,480,2.3,LOW,Transactional,suggestions
random phone number generator wheel,Phone numbers,480,,LOW,Transactional,related|suggestions
random phone number ireland,Phone numbers,480,,LOW,Informational,suggestions
random phone number list,Phone numbers,480,,LOW,Informational,suggestions
random phone number maker,Phone numbers,480,2.11,LOW,Transactional,suggestions
3 random word generator,Random words/nouns,390,,LOW,Transactional,suggestions
completely free qr code generator,QR codes,390,3.58,HIGH,Transactional,suggestions
free qr code generator for pdf,QR codes,390,5.19,HIGH,Transactional,suggestions
free qr code generator for pdfs,QR codes,390,5.19,HIGH,Transactional,suggestions
free qr code generator from pdf,QR codes,390,4.19,HIGH,Transactional,suggestions
free qr code generator pdf,QR codes,390,4.19,HIGH,Transactional,suggestions
object oc ideas,Random objects,390,,LOW,Informational,related
object show character generator,Random objects,390,,LOW,Transactional,related
qr code scanner chrome,QR codes,390,1.37,LOW,Informational,related
qr code scanner online mobile,QR codes,390,1.65,LOW,Transactional,related
random home phone number generator,Phone numbers,390,,LOW,Transactional,suggestions
random number generator mega millions,Other,390,,LOW,Transactional,apify_autocomplete
random phone number california,Phone numbers,390,,LOW,Informational,suggestions
random phone number from california,Phone numbers,390,,LOW,Informational,suggestions
random phone number in california,Phone numbers,390,,LOW,Informational,suggestions
random phone number text,Phone numbers,390,2.03,LOW,Informational,suggestions
random phone number to text,Phone numbers,390,2.03,LOW,Informational,suggestions
random phone number to use,Phone numbers,390,2.07,LOW,Informational,suggestions
random phone numbers generator,Phone numbers,390,,LOW,Transactional,apify_autocomplete
random phone numbers to text,Phone numbers,390,2.03,LOW,Informational,related
random us phone number california,Phone numbers,390,,LOW,Informational,suggestions
random word generator spanish,Random words/nouns,390,,LOW,Transactional,suggestions
real phone numbers to call scary,Phone numbers,390,,LOW,Informational,related
real phone numbers to text,Phone numbers,390,3.3,LOW,Informational,related
three random word generator,Random words/nouns,390,,LOW,Transactional,suggestions
adobe free qr code generator,QR codes,320,5.93,LOW,Transactional,suggestions
all words list,Random words/nouns,320,0.01,LOW,Informational,related
bible verses about falling in love,Bible verses,320,6.05,LOW,Informational,related
creative word generator,Random words/nouns,320,0.48,LOW,Transactional,related
facebook qr code generator free,QR codes,320,4.75,LOW,Transactional,suggestions
fb qr code generator free,QR codes,320,4.75,LOW,Transactional,suggestions
free qr code generator for facebook,QR codes,320,4.75,LOW,Transactional,suggestions
most random object,Random objects,320,,LOW,Informational,suggestions
object show generator,Random objects,320,,LOW,Transactional,related
object show name generator,Random objects,320,,LOW,Transactional,related
qr code generator google drive,QR codes,320,3.79,LOW,Transactional,related
random bible verse catholic,Bible verses,320,,LOW,Informational,related|suggestions
random ingredients generator,Other,320,,LOW,Transactional,apify_autocomplete
random object wheel,Random objects,320,,LOW,Informational,suggestions
random phone number for prank calling,Phone numbers,320,,LOW,Informational,suggestions
random phone number that works,Phone numbers,320,,LOW,Informational,suggestions
random phone number to prank call,Phone numbers,320,,LOW,Informational,suggestions
random word generator for drawing,Random words/nouns,320,,LOW,Transactional,related|suggestions
random word generator to draw,Random words/nouns,320,,LOW,Transactional,suggestions
random working phone number,Phone numbers,320,,LOW,Informational,suggestions
rick roll qr code no ads,QR codes,320,0.29,LOW,Informational,related
adobe express free qr code generator,QR codes,260,4.74,LOW,Transactional,suggestions
free online qr code generator website,QR codes,260,,LOW,Transactional,suggestions
free qr code generator canva,QR codes,260,5.24,MEDIUM,Transactional,suggestions
free real phone numbers to call prank,Phone numbers,260,1.63,LOW,Transactional,related
free unlimited qr code generator,QR codes,260,3.59,HIGH,Transactional,suggestions
name a random object,Random objects,260,,LOW,Informational,related|suggestions
phone number generator and validator free,Phone numbers,260,2.79,LOW,Transactional,related
pick a random bible verse,Bible verses,260,,LOW,Informational,related|suggestions
pick random bible verse,Bible verses,260,,LOW,Informational,suggestions
pictionary word generator for adults,Random words/nouns,260,,LOW,Transactional,related
proverbs bible verses about life,Bible verses,260,14.79,LOW,Informational,related
qr stuff free qr code generator,QR codes,260,,LOW,Transactional,suggestions
random action generator,Random words/nouns,260,,LOW,Transactional,related
random bible verse generator app,Bible verses,260,2.29,LOW,Transactional,related|suggestions
random bible verse sanders,Bible verses,260,,LOW,Informational,suggestions
random indian phone number,Phone numbers,260,,LOW,Informational,suggestions
random number generator excel formula,Other,260,,LOW,Transactional,apify_autocomplete
random number generator excel no repeat,Other,260,,LOW,Transactional,apify_autocomplete
random number generator javascript,Other,260,,LOW,Transactional,apify_autocomplete
random number generator spin wheel,Other,260,,LOW,Transactional,apify_autocomplete
random number generator unity,Other,260,,LOW,Transactional,apify_autocomplete
random object generator with pictures,Random objects,260,,LOW,Transactional,related|suggestions
random phone number india,Phone numbers,260,,LOW,Informational,suggestions
random song word generator,Random words/nouns,260,,LOW,Transactional,suggestions
random two word generator,Random words/nouns,260,,LOW,Transactional,suggestions
random word generator english,Random words/nouns,260,,LOW,Transactional,suggestions
random word generator from list,Random words/nouns,260,,LOW,Transactional,suggestions
random word generator list,Random words/nouns,260,,LOW,Transactional,suggestions
real phone numbers to call when bored,Phone numbers,260,,LOW,Informational,related
truly random bible verse,Bible verses,260,,LOW,Informational,suggestions
actually free qr code generator,QR codes,210,2.65,HIGH,Transactional,suggestions
bible verse random generator,Bible verses,210,6.1,LOW,Transactional,suggestions
dictionary random word generator,Random words/nouns,210,,LOW,Transactional,suggestions
free permanent qr code generator,QR codes,210,3.3,HIGH,Transactional,suggestions
free qr code generator no sign up no expiration,QR codes,210,3.46,HIGH,Transactional,suggestions
funny qr codes to scan,QR codes,210,1.51,MEDIUM,Informational,related
funny random objects,Random objects,210,0.34,LOW,Informational,related
give me a random bible verse for today,Bible verses,210,15.83,LOW,Informational,suggestions
new york random phone number,Phone numbers,210,,LOW,Informational,suggestions
qr code generator online free,QR codes,210,2.7,MEDIUM,Transactional,suggestions
qr code generator that doesn t expire free,QR codes,210,2.98,HIGH,Transactional,suggestions
random bible verse generator kjv,Bible verses,210,,LOW,Transactional,related|suggestions
random chinese phone number,Phone numbers,210,,LOW,Informational,suggestions
random five letter word generator,Random words/nouns,210,,LOW,Transactional,suggestions
random kjv bible verse,Bible verses,210,9.64,LOW,Informational,suggestions
random noun generator list,Random words/nouns,210,,LOW,Transactional,suggestions
random number generator between 0 and 1,Other,210,,LOW,Transactional,apify_autocomplete
random number generator php,Other,210,,LOW,Transactional,apify_autocomplete
random phone number for verification,Phone numbers,210,1.8,LOW,Informational,suggestions
random phone number generator texas,Phone numbers,210,1.44,LOW,Transactional,suggestions
random phone number in new york,Phone numbers,210,,LOW,Informational,suggestions
random phone number verification,Phone numbers,210,1.8,LOW,Informational,suggestions
random phone numbers that will answer,Phone numbers,210,,LOW,Informational,related
random texas phone number,Phone numbers,210,,LOW,Informational,suggestions
random word generator funny,Random words/nouns,210,,LOW,Transactional,suggestions
random word picker from list,Random words/nouns,210,,LOW,Informational,related
4 letter random word generator,Random words/nouns,170,,LOW,Transactional,suggestions
bible gateway nkjv verse of the day,Bible verses,170,28.94,LOW,Informational,related
download qr code generator free,QR codes,170,3.98,HIGH,Transactional,suggestions
free business card qr code generator,QR codes,170,6.85,HIGH,Transactional,suggestions
free customizable qr code generator,QR codes,170,7.02,HIGH,Transactional,suggestions
free downloadable qr code generator,QR codes,170,3.98,HIGH,Transactional,suggestions
free qr code generator adobe,QR codes,170,4.87,LOW,Transactional,suggestions
free qr code generator for business card,QR codes,170,6.85,HIGH,Transactional,suggestions
free qr code generator for business cards,QR codes,170,6.85,HIGH,Transactional,suggestions
funny pictionary word generator,Random words/nouns,170,,LOW,Transactional,related
funny qr code jokes,QR codes,170,0.02,LOW,Informational,related
is there a free qr code generator,QR codes,170,5.59,HIGH,Transactional,suggestions
penguin random house phone number,Phone numbers,170,,LOW,Informational,suggestions
phone number for penguin random house,Phone numbers,170,,LOW,Informational,suggestions
qr code generator google form,QR codes,170,4.2,HIGH,Transactional,related
qr code generator with logo free,QR codes,170,6.49,MEDIUM,Transactional,related
random 2 word generator,Random words/nouns,170,,LOW,Transactional,suggestions
random bible verse generator niv,Bible verses,170,,LOW,Transactional,related|suggestions
random bible verse with picture,Bible verses,170,0.04,LOW,Informational,related|suggestions
random fake word generator,Random words/nouns,170,,LOW,Transactional,suggestions
random four letter word generator,Random words/nouns,170,,LOW,Transactional,suggestions
random japanese phone number,Phone numbers,170,,LOW,Informational,suggestions
random number generator dice,Other,170,,LOW,Transactional,apify_autocomplete
random number generator google search,Other,170,,LOW,Transactional,apify_autocomplete
random number generator powerpoint,Other,170,,LOW,Transactional,apify_autocomplete
random phone number florida,Phone numbers,170,,LOW,Informational,suggestions
random phone number in florida,Phone numbers,170,,LOW,Informational,suggestions
random us phone number florida,Phone numbers,170,,LOW,Informational,suggestions
random word and definition generator,Random words/nouns,170,,LOW,Transactional,suggestions
random word generator definition,Random words/nouns,170,,LOW,Transactional,suggestions
random word generator noun,Random words/nouns,170,,LOW,Transactional,suggestions
random word generator nouns,Random words/nouns,170,,LOW,Transactional,suggestions
random word generator with definition,Random words/nouns,170,,LOW,Transactional,suggestions
random word generator with definitions,Random words/nouns,170,,LOW,Transactional,suggestions
random youtuber phone number,Phone numbers,170,,LOW,Informational,suggestions
show me a random bible verse,Bible verses,170,,LOW,Informational,suggestions
temporary phone number generator for verification,Phone numbers,170,1.77,LOW,Transactional,related
totally free qr code generator,QR codes,170,3.55,HIGH,Transactional,suggestions
5 letter random word generator,Random words/nouns,140,,LOW,Transactional,suggestions
give me a random verse from the bible,Bible verses,140,,LOW,Informational,suggestions
kjv bible verse for today morning,Bible verses,140,5.57,LOW,Informational,related
offline qr code generator,QR codes,140,2.62,LOW,Transactional,related
qr code message gift,QR codes,140,5.43,LOW,Informational,related
random 5 word generator,Random words/nouns,140,,LOW,Transactional,suggestions
random adjective and noun generator,Random words/nouns,140,,LOW,Transactional,related|suggestions
random bible verse niv,Bible verses,140,6.94,LOW,Informational,related|suggestions
random cell phone number,Phone numbers,140,6.38,LOW,Informational,suggestions
random fake phone number,Phone numbers,140,,LOW,Informational,suggestions
random letter to word generator,Random words/nouns,140,,LOW,Transactional,suggestions
random letter word generator,Random words/nouns,140,,LOW,Transactional,suggestions
random number generator keno,Other,140,,LOW,Transactional,apify_autocomplete
random number generator to 20,Other,140,,LOW,Transactional,apify_autocomplete
random phone number generator california,Phone numbers,140,1.06,LOW,Transactional,suggestions
random phone number generator with code,Phone numbers,140,2.25,LOW,Transactional,related|suggestions
random phone numbers to prank text,Phone numbers,140,,LOW,Informational,related
random qr code to scan,QR codes,140,,LOW,Informational,apify_autocomplete
random word generator from letters,Random words/nouns,140,,LOW,Transactional,related|suggestions
random word generator online,Random words/nouns,140,,LOW,Transactional,suggestions
static qr code generator free,QR codes,140,3.55,HIGH,Transactional,related
truly free qr code generator,QR codes,140,4.39,HIGH,Transactional,related
us phone number generator random,Phone numbers,140,1.2,LOW,Transactional,suggestions
weird random word generator,Random words/nouns,140,,LOW,Transactional,suggestions
word generator random letters,Random words/nouns,140,,LOW,Transactional,suggestions
10000 word list,Random words/nouns,110,,LOW,Informational,related
adobe qr code generator free,QR codes,110,4.09,LOW,Transactional,related
best free qr code generator reddit,QR codes,110,3.69,LOW,Transactional,related
birthday bible verse generator,Bible verses,110,,LOW,Transactional,suggestions
bring a random object to work ideas,Random objects,110,,LOW,Informational,suggestions
fake word generator random,Random words/nouns,110,,LOW,Transactional,suggestions
free phone number generator app,Phone numbers,110,2.09,MEDIUM,Transactional,related
location qr code generator,QR codes,110,2.5,MEDIUM,Transactional,related
qr code scanner on my phone,QR codes,110,2.5,MEDIUM,Informational,related
random adverb generator,Random words/nouns,110,,LOW,Transactional,related
random bible verse for encouragement,Bible verses,110,5.75,LOW,Informational,related|suggestions
random japanese word generator,Random words/nouns,110,,LOW,Transactional,suggestions
random long word generator,Random words/nouns,110,,LOW,Transactional,suggestions
random number generator google sheets,Other,110,,LOW,Transactional,apify_autocomplete
random number generator hex,Other,110,,LOW,Transactional,apify_autocomplete
random number generator vba,Other,110,,LOW,Transactional,apify_autocomplete
random phone number generator app,Phone numbers,110,2.63,LOW,Transactional,suggestions
random qr code pokemon,QR codes,110,,LOW,Informational,apify_autocomplete
random word generator from text,Random words/nouns,110,,LOW,Transactional,related|suggestions
random word generator game,Random words/nouns,110,,LOW,Transactional,related|suggestions
random word generator rap,Random words/nouns,110,,LOW,Transactional,suggestions
song association words list pdf,Random words/nouns,110,,LOW,Informational,related
bible random verse generator,Bible verses,90,,LOW,Transactional,suggestions
bring a random object to work ideas funny,Random objects,90,,LOW,Informational,suggestions
bulk qr code generator free,QR codes,90,3.79,LOW,Transactional,related
cool random word generator,Random words/nouns,90,,LOW,Transactional,suggestions
freestyle rap random word generator,Random words/nouns,90,,LOW,Transactional,suggestions
generate a random bible verse,Bible verses,90,14.35,LOW,Informational,suggestions
krispcall random phone number generator,Phone numbers,90,,LOW,Transactional,apify_autocomplete
random bible verse for me today,Bible verses,90,,LOW,Informational,suggestions
random chinese word generator,Random words/nouns,90,,LOW,Transactional,suggestions
random french word generator,Random words/nouns,90,,LOW,Transactional,suggestions
random latin word generator,Random words/nouns,90,,LOW,Transactional,suggestions
random number generator java code,Other,90,,LOW,Transactional,apify_autocomplete
random number generator python code,Other,90,,LOW,Transactional,apify_autocomplete
random object game,Random objects,90,,LOW,Informational,suggestions
random object gen,Random objects,90,,LOW,Informational,suggestions
random object generator wheel,Random objects,90,,LOW,Transactional,related|suggestions
random object java,Random objects,90,,LOW,Informational,suggestions
random vocab word generator,Random words/nouns,90,,LOW,Transactional,suggestions
random word combination generator,Random words/nouns,90,,LOW,Transactional,suggestions
random word combiner generator,Random words/nouns,90,,LOW,Transactional,suggestions
random word combo generator,Random words/nouns,90,,LOW,Transactional,suggestions
random word generator for freestyling,Random words/nouns,90,,LOW,Transactional,suggestions
random word generator for infinite craft,Random words/nouns,90,,LOW,Transactional,suggestions
random word generator freestyle,Random words/nouns,90,,LOW,Transactional,suggestions
random word picker wheel,Random words/nouns,90,,LOW,Informational,related
random word song generator,Random words/nouns,90,,LOW,Transactional,suggestions
short bible verse for today,Bible verses,90,0.05,LOW,Informational,related
daily bible verse generator,Bible verses,70,29.01,LOW,Transactional,related|suggestions
free random phone number for verification,Phone numbers,70,1.55,LOW,Transactional,related
give me a random object to draw,Random objects,70,,LOW,Informational,suggestions
phone number generator with notifications,Phone numbers,70,5.27,LOW,Transactional,related
pick a word generator,Random words/nouns,70,,LOW,Transactional,related
qr code monkey login,QR codes,70,2.3,MEDIUM,Informational,related
random adjective noun generator,Random words/nouns,70,,LOW,Transactional,suggestions
random bible verse esv,Bible verses,70,,LOW,Informational,suggestions
random bible verse for me,Bible verses,70,2.01,LOW,Informational,suggestions
random bible verse generator catholic,Bible verses,70,11.38,LOW,Transactional,related|suggestions
random bible verse wheel,Bible verses,70,,LOW,Informational,related|suggestions
random big word generator,Random words/nouns,70,,LOW,Transactional,suggestions
random british phone number generator,Phone numbers,70,,LOW,Transactional,suggestions
random common noun generator,Random words/nouns,70,,LOW,Transactional,suggestions
random noun and adjective generator,Random words/nouns,70,,LOW,Transactional,suggestions
random noun generator for drawing,Random words/nouns,70,,LOW,Transactional,related|suggestions
random number generator calculator soup,Other,70,,LOW,Transactional,apify_autocomplete
random number generator minecraft,Other,70,,LOW,Transactional,apify_autocomplete
random number generator one through 10,Other,70,,LOW,Transactional,apify_autocomplete
random number generator password,Random words/nouns,70,0.2,LOW,Transactional,apify_autocomplete
random object show character generator,Random objects,70,,LOW,Transactional,suggestions
random phone number generator uk,Phone numbers,70,,LOW,Transactional,suggestions
random proper noun generator,Random words/nouns,70,,LOW,Transactional,related|suggestions
random qr code png,QR codes,70,,LOW,Informational,related
random word generator for passwords,Random words/nouns,70,20.24,LOW,Transactional,suggestions
random word generator german,Random words/nouns,70,,LOW,Transactional,suggestions
random word generator python,Random words/nouns,70,,LOW,Transactional,suggestions
truly random bible verse generator,Bible verses,70,29.59,LOW,Transactional,suggestions
a random bible verse for today,Bible verses,50,,LOW,Informational,suggestions
act of random kindness bible verse,Bible verses,50,,LOW,Informational,suggestions
ai bible verse generator,Bible verses,50,0.94,LOW,Transactional,suggestions
best random us number,Phone numbers,50,2.73,LOW,Commercial,related
bible verse image generator,Bible verses,50,0.5,LOW,Transactional,suggestions
bible verse picture generator,Bible verses,50,0.5,LOW,Transactional,suggestions
bring a random object to work day,Random objects,50,,LOW,Informational,suggestions
bring a random object to work game,Random objects,50,,LOW,Informational,suggestions
catholic bible verse generator,Bible verses,50,,LOW,Transactional,related|suggestions
generate random bible verse,Bible verses,50,,LOW,Informational,suggestions
is qr code monkey free,QR codes,50,2.06,LOW,Transactional,related
list of 100 random objects with pictures,Random objects,50,,LOW,Informational,related
object randomizer generator,Random objects,50,,LOW,Transactional,related
pick a random bible verse for me,Bible verses,50,,LOW,Informational,suggestions
qr code generator example,QR codes,50,,LOW,Transactional,apify_autocomplete
qr code generator with logo online,QR codes,50,,LOW,Transactional,related
random bible verse about love,Bible verses,50,,LOW,Informational,related|suggestions
random bible verse dailyverses net,Bible verses,50,,LOW,Informational,suggestions
random bible verse generator esv,Bible verses,50,,LOW,Transactional,related|suggestions
random bible verse of the day niv,Bible verses,50,3.66,LOW,Informational,suggestions
random item generator dnd,Random objects,50,,LOW,Transactional,apify_autocomplete
random niv bible verse,Bible verses,50,,LOW,Informational,suggestions
random number generator desmos,Other,50,,LOW,Transactional,apify_autocomplete
random number generator download,Other,50,,LOW,Transactional,apify_autocomplete
random number generator html,Other,50,,LOW,Transactional,apify_autocomplete
random number generator no repeats wheel,Other,50,,LOW,Transactional,apify_autocomplete
random number generator phone number,Phone numbers,50,3.43,LOW,Transactional,suggestions
random object battle royal,Random objects,50,,LOW,Informational,suggestions
random object drawing,Random objects,50,,LOW,Informational,suggestions
random object name generator,Random objects,50,,LOW,Transactional,suggestions
random object names,Random objects,50,,LOW,Informational,suggestions
random object picker,Random objects,50,,LOW,Informational,suggestions
random object show generator,Random objects,50,,LOW,Transactional,suggestions
random object word generator,Random objects,50,,LOW,Transactional,suggestions
random phone number generator for sms,Phone numbers,50,1.51,LOW,Transactional,suggestions
random phone number generator nyc,Phone numbers,50,,LOW,Transactional,suggestions
random phone numbers to call free,Phone numbers,50,,LOW,Transactional,related
random qr code funny,QR codes,50,,LOW,Informational,related
random qr codes funny,QR codes,50,,LOW,Informational,related
random verse from bible,Bible verses,50,,LOW,Informational,suggestions
random verse in the bible,Bible verses,50,31.18,LOW,Informational,suggestions
random word generator italian,Random words/nouns,50,,LOW,Transactional,apify_autocomplete
random word generator song,Random words/nouns,50,,LOW,Transactional,apify_autocomplete
read me a random bible verse,Bible verses,50,,LOW,Informational,suggestions
rick roll qr code printable,QR codes,50,,LOW,Informational,related
simple random word generator,Random words/nouns,50,,LOW,Transactional,related
video to qr code for free,QR codes,50,3.4,MEDIUM,Transactional,related
abstract noun generator,Random words/nouns,40,,LOW,Transactional,related
adobe qr code generator with logo,QR codes,40,3.85,MEDIUM,Transactional,related
bible verse of the day generator,Bible verses,40,17.85,LOW,Transactional,suggestions
fake american phone number generator,Phone numbers,40,,LOW,Transactional,suggestions
give me a random verse in the bible,Bible verses,40,,LOW,Informational,suggestions
most random object ever,Random objects,40,,LOW,Informational,suggestions
pictionary word generator for adults funny,Random words/nouns,40,,LOW,Transactional,related
prank qr codes free,QR codes,40,1.75,LOW,Transactional,related
random bible chapter generator kjv,Bible verses,40,,LOW,Transactional,related
random bible chapter wheel,Bible verses,40,29.13,LOW,Informational,related
random bible verse nkjv,Bible verses,40,,LOW,Informational,suggestions
random bible verse nlt,Bible verses,40,,LOW,Informational,related|suggestions
random bible verse picker,Bible verses,40,,LOW,Informational,suggestions
random fake phone number generator,Phone numbers,40,1.38,LOW,Transactional,suggestions
random inanimate object,Random objects,40,,LOW,Informational,suggestions
random inanimate object generator,Random objects,40,,LOW,Transactional,related|suggestions
random number generator horror podcast,Other,40,,LOW,Transactional,apify_autocomplete
random number generator how it works,Other,40,,LOW,Transactional,apify_autocomplete
random number generator to 10,Other,40,,LOW,Transactional,apify_autocomplete
random number generator verilog,Other,40,,LOW,Transactional,apify_autocomplete
random object generator for object show,Random objects,40,,LOW,Transactional,related|suggestions
random object memory game,Random objects,40,,LOW,Informational,suggestions
random object oc generator,Random objects,40,,LOW,Transactional,related|suggestions
random object png,Random objects,40,,LOW,Informational,suggestions
random object show name generator,Random objects,40,,LOW,Transactional,suggestions
random object spinner,Random objects,40,,LOW,Informational,suggestions
random phone number generator ohio,Phone numbers,40,2,LOW,Transactional,suggestions
random short bible verse,Bible verses,40,,LOW,Informational,suggestions
random us number for whatsapp,Phone numbers,40,,LOW,Informational,related
real random phone number generator,Phone numbers,40,,LOW,Transactional,suggestions
text to qr code free,QR codes,40,2.01,MEDIUM,Transactional,related
us fake phone number generator,Phone numbers,40,,LOW,Transactional,suggestions
us random phone number generator,Phone numbers,40,,LOW,Transactional,suggestions
bible verse for me today random,Bible verses,30,,LOW,Informational,suggestions
bring a random object to work challenge,Random objects,30,,LOW,Informational,suggestions
bring random object to work,Random objects,30,,LOW,Informational,suggestions
bulk code generator,QR codes,30,2.98,LOW,Transactional,related
download qr code scanner for pc,QR codes,30,2.16,LOW,Transactional,related
free qr code generator with logo no sign up,QR codes,30,4.03,MEDIUM,Transactional,related
is qr code generator legit,QR codes,30,27.48,LOW,Transactional,apify_autocomplete
list of 100 random objects funny,Random objects,30,,LOW,Informational,related
noun generator random,Random words/nouns,30,,LOW,Transactional,suggestions
object show generator perchance,Random objects,30,,LOW,Transactional,related
object show oc generator perchance,Random objects,30,,LOW,Transactional,related
online random phone number generator,Phone numbers,30,,—,Transactional,suggestions
pick a bible verse for me to read,Bible verses,30,0.35,LOW,Informational,related
pick a random verse from the bible,Bible verses,30,,LOW,Informational,suggestions
please give me a random bible verse,Bible verses,30,,LOW,Informational,suggestions
qr code monkey reddit,QR codes,30,,LOW,Informational,related
random bible verse in tamil,Bible verses,30,,LOW,Informational,suggestions
random bible verse new testament,Bible verses,30,,LOW,Informational,suggestions
random bible verse to read,Bible verses,30,29.48,LOW,Informational,suggestions
random cell phone number generator,Phone numbers,30,,LOW,Transactional,suggestions
random concrete noun generator,Random words/nouns,30,,LOW,Transactional,related|suggestions
random drawing character generator,Random words/nouns,30,0.94,LOW,Transactional,related
random household object generator,Random objects,30,,LOW,Transactional,suggestions
random inspirational bible verse,Bible verses,30,0.05,LOW,Informational,suggestions
random item name generator,Random objects,30,,LOW,Transactional,apify_autocomplete
random kjv bible verse generator,Bible verses,30,5.36,LOW,Transactional,suggestions
random number generator horror podcast no 9,Other,30,,LOW,Transactional,apify_autocomplete
random number generator list no repeats,Other,30,,LOW,Transactional,apify_autocomplete
random number generator no duplicates,Other,30,,LOW,Transactional,apify_autocomplete
random number generator numpy,Other,30,,LOW,Transactional,apify_autocomplete
random number generator vb net,Other,30,,LOW,Transactional,apify_autocomplete
random object challenge,Random objects,30,,LOW,Informational,suggestions
random object image generator,Random objects,30,,LOW,Transactional,suggestions
random object photography,Random objects,30,,LOW,Informational,suggestions
random object show,Random objects,30,,LOW,Informational,suggestions
random object show characters,Random objects,30,,LOW,Informational,suggestions
random object to draw generator,Random objects,30,,LOW,Transactional,suggestions
random phone number generator 1 100,Phone numbers,30,,LOW,Transactional,related|suggestions
random phone number generator for verification,Phone numbers,30,1.33,LOW,Transactional,related|suggestions
random plural noun generator,Random words/nouns,30,,LOW,Transactional,related|suggestions
random verb and noun generator,Random words/nouns,30,,LOW,Transactional,related|suggestions
random verb noun generator,Random words/nouns,30,,LOW,Transactional,suggestions
random word generator imposter game,Random words/nouns,30,,LOW,Transactional,apify_autocomplete
random word generator in spanish,Random words/nouns,30,,LOW,Transactional,apify_autocomplete
random word generator infinite craft,Random words/nouns,30,,LOW,Transactional,apify_autocomplete
random word generator password,Random words/nouns,30,5.48,LOW,Transactional,apify_autocomplete
random word generator perchance,Random words/nouns,30,,LOW,Transactional,apify_autocomplete
random word generator spelling bee,Random words/nouns,30,,LOW,Transactional,apify_autocomplete
what is a random bible verse,Bible verses,30,,LOW,Informational,suggestions
action verb generator,Random words/nouns,20,,LOW,Transactional,related
best free static qr code generator,QR codes,20,2.05,MEDIUM,Transactional,related
bible verse font generator,Bible verses,20,,LOW,Transactional,suggestions
bible verse generator for birthday,Bible verses,20,,LOW,Transactional,related|suggestions
bible verse random pick,Bible verses,20,,LOW,Informational,suggestions
bible verse random picker,Bible verses,20,,LOW,Informational,suggestions
blender random color per object,Random objects,20,,LOW,Informational,suggestions
bulk qr code generator from excel,QR codes,20,5.45,LOW,Transactional,related
completely random bible verse,Bible verses,20,,LOW,Informational,suggestions
facebook code generator qr code,QR codes,20,2.48,MEDIUM,Transactional,apify_autocomplete
fake mobile phone number generator,Phone numbers,20,2.58,LOW,Transactional,suggestions
fake phone number generator list,Phone numbers,20,,LOW,Transactional,suggestions
fake phone number generator with sms,Phone numbers,20,,LOW,Transactional,suggestions
free qr code generator google no expiration,QR codes,20,3.86,HIGH,Transactional,related
generate random object,Random objects,20,,LOW,Informational,suggestions
give me a random bible verse kjv,Bible verses,20,,LOW,Informational,suggestions
give me a random qr code,QR codes,20,1.96,LOW,Informational,apify_autocomplete
google map qr code generator free,QR codes,20,3.34,MEDIUM,Transactional,related
google random phone number generator,Phone numbers,20,,LOW,Transactional,suggestions
most random bible verse,Bible verses,20,,LOW,Informational,suggestions
object oc maker picrew,Random objects,20,,LOW,Transactional,related
objects spin the wheel,Random objects,20,,LOW,Informational,related
pictionary word generator with categories,Random words/nouns,20,,LOW,Transactional,related
qr code generator companies,QR codes,20,17.25,MEDIUM,Transactional,apify_autocomplete
random bible verse app,Bible verses,20,1.65,LOW,Transactional,suggestions
random bible verse short,Bible verses,20,,LOW,Informational,suggestions
random bible verse with explanation,Bible verses,20,,LOW,Informational,suggestions
random catholic bible verse generator,Bible verses,20,,LOW,Transactional,suggestions
random generator object,Random objects,20,,LOW,Transactional,suggestions
random item generator pokemon,Random objects,20,,LOW,Transactional,apify_autocomplete
random item generator wheel,Random objects,20,,LOW,Transactional,apify_autocomplete
random item wheel to draw,Random objects,20,,LOW,Informational,related
random japanese phone number generator,Phone numbers,20,,LOW,Transactional,suggestions
random malayalam bible verse,Bible verses,20,,LOW,Informational,suggestions
random mobile phone number generator,Phone numbers,20,,LOW,Transactional,suggestions
random motivational bible verse,Bible verses,20,0.03,LOW,Informational,suggestions
random noun adjective generator,Random words/nouns,20,,LOW,Transactional,suggestions
random noun and verb generator,Random words/nouns,20,,LOW,Transactional,suggestions
random noun generator wheel,Random words/nouns,20,,LOW,Transactional,related|suggestions
random number generator discord,Other,20,,LOW,Transactional,apify_autocomplete
random number generator discord bot,Other,20,,LOW,Transactional,apify_autocomplete
random number generator eliminate,Other,20,,LOW,Transactional,apify_autocomplete
random number generator euromillions,Other,20,,LOW,Transactional,apify_autocomplete
random number generator excel between range,Other,20,,LOW,Transactional,apify_autocomplete
random number generator experiment,Other,20,,LOW,Transactional,apify_autocomplete
random number generator lava lamp,Other,20,,LOW,Transactional,apify_autocomplete
random number generator meme,Other,20,,LOW,Transactional,apify_autocomplete
random number generator qualtrics,Other,20,,LOW,Transactional,apify_autocomplete
random number generator soup,Other,20,,LOW,Transactional,apify_autocomplete
random number generator us,Other,20,,LOW,Transactional,apify_autocomplete
random number generator vhdl,Other,20,,LOW,Transactional,apify_autocomplete
random object art,Random objects,20,,LOW,Informational,suggestions
random object ideas,Random objects,20,,LOW,Informational,suggestions
random object images,Random objects,20,,LOW,Informational,suggestions
random object picture,Random objects,20,,LOW,Informational,suggestions
random object picture generator,Random objects,20,,LOW,Transactional,suggestions
random object pinterest,Random objects,20,,LOW,Informational,suggestions
random object randomizer,Random objects,20,,LOW,Informational,suggestions
random object selfie,Random objects,20,,LOW,Informational,suggestions
random object show character,Random objects,20,,LOW,Informational,suggestions
random phone number generator alabama,Phone numbers,20,,LOW,Transactional,suggestions
random phone number generator free,Phone numbers,20,0.67,LOW,Transactional,related|suggestions
random phone number generator pa,Phone numbers,20,,—,Transactional,suggestions
random phone number generator sms,Phone numbers,20,,LOW,Transactional,apify_autocomplete
random phone number generator utah,Phone numbers,20,,LOW,Transactional,suggestions
random phone numbers that will answer to prank call,Phone numbers,20,,LOW,Informational,related
random qr barcode,QR codes,20,,LOW,Informational,apify_autocomplete
random qr code rick roll,QR codes,20,,LOW,Informational,related
random verse generator bible,Bible verses,20,9.17,LOW,Transactional,suggestions
random word generator for songs online,Random words/nouns,20,,LOW,Transactional,related
random word generator objects,Random words/nouns,20,,LOW,Transactional,apify_autocomplete
random word generator song association,Random words/nouns,20,,LOW,Transactional,apify_autocomplete
random word generator wheel for songs,Random words/nouns,20,,LOW,Transactional,apify_autocomplete
random word generator with letters,Random words/nouns,20,,LOW,Transactional,apify_autocomplete
random word object generator,Random objects,20,,LOW,Transactional,suggestions
ransom bible verse generator,Bible verses,20,,LOW,Transactional,suggestions
rick roll qr code copy and paste,QR codes,20,,LOW,Informational,related
sandersweb random bible verse,Bible verses,20,,LOW,Informational,suggestions
say a random object,Random objects,20,,LOW,Informational,related|suggestions
ultimate object oc generator,Random objects,20,,LOW,Transactional,related
what is the most random object,Random objects,20,,LOW,Informational,suggestions
what random object am i quiz,Random objects,20,,LOW,Informational,suggestions
1000 random word generator,Random words/nouns,10,,LOW,Transactional,related
10000 english words book,Random words/nouns,10,,MEDIUM,Informational,related
10000 random words list,Random words/nouns,10,,LOW,Informational,related
address qr code generator free,QR codes,10,,LOW,Transactional,related
adobe qr code generator illustrator,QR codes,10,,MEDIUM,Transactional,related
adobe qr code generator indesign,QR codes,10,,LOW,Transactional,related
ai bible verse image generator,Bible verses,10,1.86,MEDIUM,Transactional,suggestions
bible verse ai generator,Bible verses,10,2.12,LOW,Transactional,suggestions
bible verse citation generator,Bible verses,10,,LOW,Transactional,suggestions
bible verse coloring page generator,Bible verses,10,,LOW,Transactional,suggestions
bible verse dice random generator,Bible verses,10,,LOW,Transactional,suggestions
bible verse generator app,Bible verses,10,,LOW,Transactional,suggestions
bible verse generator birthday,Bible verses,10,,LOW,Transactional,suggestions
bible verse generator kjv,Bible verses,10,,LOW,Transactional,suggestions
bible verse generator niv,Bible verses,10,4.22,LOW,Transactional,suggestions
bible verse generator online,Bible verses,10,,LOW,Transactional,suggestions
bible verse generator wheel,Bible verses,10,,LOW,Transactional,suggestions
bible verse meme generator,Bible verses,10,,LOW,Transactional,suggestions
bible verse of the year generator,Bible verses,10,,LOW,Transactional,suggestions
bible verse poster generator,Bible verses,10,,LOW,Transactional,suggestions
bible verse quiz generator,Bible verses,10,0.56,LOW,Transactional,suggestions
bible verse tattoo fonts generator,Bible verses,10,1.51,LOW,Transactional,suggestions
bible verse wallpaper generator,Bible verses,10,,LOW,Transactional,suggestions
blender object info random,Random objects,10,,LOW,Informational,suggestions
bring a random object to work ideas funny tiktok,Random objects,10,,LOW,Informational,suggestions
bulk qr code generator app,QR codes,10,,LOW,Transactional,related
bulk qr code generator barcodez,QR codes,10,,LOW,Transactional,related
bulk qr code generator from csv,QR codes,10,4,MEDIUM,Transactional,related
bulk qr code generator in google sheets,QR codes,10,,LOW,Transactional,related
bulk qr code generator with text,QR codes,10,,LOW,Transactional,related
canva qr code scanner,QR codes,10,,LOW,Informational,related
create qr code for location free,QR codes,10,2.5,HIGH,Transactional,related
create random object java,Random objects,10,,LOW,Transactional,suggestions
dnd random object generator,Random objects,10,,LOW,Transactional,suggestions
fake address and phone number generator,Phone numbers,10,,—,Transactional,suggestions
fake australian phone number generator,Phone numbers,10,,—,Transactional,suggestions
fake bible verse generator,Bible verses,10,,LOW,Transactional,suggestions
fake cell phone number generator,Phone numbers,10,,LOW,Transactional,suggestions
fake chinese phone number generator,Phone numbers,10,,LOW,Transactional,suggestions
fake email and phone number generator,Phone numbers,10,,LOW,Transactional,suggestions
fake generator number phone,Phone numbers,10,,—,Transactional,suggestions
fake japan phone number generator,Phone numbers,10,,—,Transactional,suggestions
fake japanese phone number generator,Phone numbers,10,,LOW,Transactional,suggestions
fake korean phone number generator,Phone numbers,10,,—,Transactional,suggestions
fake name and phone number generator,Phone numbers,10,,LOW,Transactional,suggestions
fake paypal account generator with phone number,Phone numbers,10,,—,Transactional,suggestions
fake person generator phone number,Phone numbers,10,,—,Transactional,suggestions
fake phone number generator app,Phone numbers,10,,HIGH,Transactional,suggestions
fake phone number generator australia,Phone numbers,10,,—,Transactional,suggestions
fake phone number generator california,Phone numbers,10,,LOW,Transactional,suggestions
fake phone number generator china,Phone numbers,10,,—,Transactional,suggestions
fake phone number generator for discord,Phone numbers,10,,LOW,Transactional,suggestions
fake phone number generator for facebook,Phone numbers,10,,—,Transactional,suggestions
fake phone number generator for gmail verification,Phone numbers,10,,—,Transactional,suggestions
fake phone number generator for otp,Phone numbers,10,,LOW,Transactional,suggestions
fake phone number generator for sms,Phone numbers,10,,LOW,Transactional,suggestions
fake phone number generator for sms verification,Phone numbers,10,,—,Transactional,suggestions
fake phone number generator for text,Phone numbers,10,,LOW,Transactional,suggestions
fake phone number generator for verification,Phone numbers,10,,LOW,Transactional,suggestions
fake phone number generator for whatsapp,Phone numbers,10,,—,Transactional,suggestions
fake phone number generator france,Phone numbers,10,,LOW,Transactional,suggestions
fake phone number generator free,Phone numbers,10,2.69,LOW,Transactional,suggestions
fake phone number generator india,Phone numbers,10,,—,Transactional,suggestions
fake phone number generator india for otp,Phone numbers,10,,—,Transactional,suggestions
fake phone number generator indonesia,Phone numbers,10,,LOW,Transactional,suggestions
fake phone number generator malaysia,Phone numbers,10,,—,Transactional,suggestions
fake phone number generator receive sms,Phone numbers,10,,LOW,Transactional,suggestions
fake phone number generator singapore,Phone numbers,10,,—,Transactional,suggestions
fake phone number generator sms,Phone numbers,10,,LOW,Transactional,suggestions
fake phone number generator sweden,Phone numbers,10,,—,Transactional,suggestions
fake phone number generator texas,Phone numbers,10,,—,Transactional,suggestions
fake phone number generator text,Phone numbers,10,,LOW,Transactional,suggestions
fake phone number generator that works,Phone numbers,10,,LOW,Transactional,suggestions
fake phone number generator to receive text,Phone numbers,10,,MEDIUM,Transactional,suggestions
fake phone number generator uk,Phone numbers,10,,LOW,Transactional,suggestions
fake phone number generator united states,Phone numbers,10,,LOW,Transactional,suggestions
fake phone number generator verification,Phone numbers,10,,LOW,Transactional,suggestions
fake phone number generator with sms for discord,Phone numbers,10,,—,Transactional,suggestions
fake phone number generator with text,Phone numbers,10,,LOW,Transactional,suggestions
fake phone number us generator,Phone numbers,10,,LOW,Transactional,suggestions
fake russian phone number generator,Phone numbers,10,,LOW,Transactional,suggestions
fake us mobile phone number generator,Phone numbers,10,,—,Transactional,suggestions
free bible verse generator,Bible verses,10,,LOW,Transactional,suggestions
free qr code generator with logo no expiration,QR codes,10,5.21,HIGH,Transactional,related
funny qr code jokes one liners,QR codes,10,,LOW,Informational,related
funny qr codes for adults,QR codes,10,,LOW,Informational,related
generate a list of random things,Random objects,10,,LOW,Informational,apify_autocomplete
generate phone number extractor,Phone numbers,10,,LOW,Informational,related
generate qr code for attendance,QR codes,10,5.79,MEDIUM,Informational,apify_autocomplete
generate qr code for facebook,QR codes,10,5.66,HIGH,Informational,apify_autocomplete
generate qr code for mobile app,QR codes,10,,MEDIUM,Transactional,apify_autocomplete
generate qr code for my bank account,QR codes,10,,—,Informational,apify_autocomplete
generate qr code for number,QR codes,10,2.64,HIGH,Informational,apify_autocomplete
generator of random things,Random objects,10,,LOW,Transactional,apify_autocomplete
get random object from array javascript,Random objects,10,,LOW,Informational,suggestions
give me a bible verse random,Bible verses,10,,LOW,Informational,suggestions
give me a random bible verse in malayalam,Bible verses,10,,LOW,Informational,suggestions
godot spawn object at random position,Random objects,10,,LOW,Informational,suggestions
google map location qr code generator,QR codes,10,3.78,LOW,Transactional,related
houdini copy to points random object,Random objects,10,,—,Informational,suggestions
how to create a qr code in canva youtube,QR codes,10,,LOW,Transactional,related
how to scan location qr code in google maps,QR codes,10,,LOW,Informational,related
how to use random object in java,Random objects,10,,LOW,Informational,suggestions
how to use random phone number generator app,Phone numbers,10,,—,Transactional,suggestions
instantiate random object unity,Random objects,10,,—,Informational,suggestions
java fill object with random data,Random objects,10,,—,Informational,suggestions
list of 100 random objects pdf,Random objects,10,,LOW,Informational,related
list of 1000 random objects,Random objects,10,,LOW,Informational,related
missing values in object random forest r,Random objects,10,,LOW,Informational,suggestions
monster object oc generator,Random objects,10,,LOW,Transactional,related
most random object generator,Random objects,10,,LOW,Transactional,suggestions
most random object in the world,Random objects,10,,LOW,Informational,suggestions
new york fake phone number generator,Phone numbers,10,,—,Transactional,suggestions
noun random word generator,Random words/nouns,10,,LOW,Transactional,suggestions
offline text qr code generator,QR codes,10,0.53,LOW,Transactional,related
pick a bible verse for me malayalam,Bible verses,10,,—,Informational,related
pick a random bible verse generator,Bible verses,10,,—,Transactional,suggestions
python random object from list,Random objects,10,,—,Informational,suggestions
qr code generator free reddit no expiration,QR codes,10,1.56,MEDIUM,Transactional,related
qr code generator google app,QR codes,10,2.56,HIGH,Transactional,related
qr code generator text free,QR codes,10,1.27,MEDIUM,Transactional,related
qr code generator with logo canva,QR codes,10,4.26,MEDIUM,Transactional,related
qr code generator with logo reddit,QR codes,10,,LOW,Transactional,related
qr code monkey pdf,QR codes,10,2.55,MEDIUM,Informational,related
qr code random number generator,QR codes,10,4.38,LOW,Transactional,suggestions
qr code to text converter online,QR codes,10,2.59,LOW,Transactional,related
random 3d object generator,Random objects,10,,—,Transactional,suggestions
random abstract noun generator,Random words/nouns,10,,LOW,Transactional,suggestions
random adjective generator wheel,Random words/nouns,10,,LOW,Transactional,related
random art object generator,Random objects,10,,LOW,Transactional,suggestions
random australian phone number generator,Phone numbers,10,,—,Transactional,suggestions
random bible book generator new testament,Bible verses,10,,LOW,Transactional,related
random bible chapter and verse generator,Bible verses,10,,LOW,Transactional,suggestions
random bible chapter generator niv,Bible verses,10,,LOW,Transactional,related
random bible verse about relationships,Bible verses,10,30.42,LOW,Informational,suggestions
random bible verse about strength,Bible verses,10,,LOW,Informational,suggestions
random bible verse api,Bible verses,10,,LOW,Transactional,suggestions
random bible verse generator funny,Bible verses,10,,—,Transactional,suggestions
random bible verse generator malayalam,Bible verses,10,,—,Transactional,related|suggestions
random bible verse generator new testament,Bible verses,10,,LOW,Transactional,suggestions
random bible verse generator nkjv,Bible verses,10,,LOW,Transactional,related|suggestions
random bible verse malayalam,Bible verses,10,,LOW,Informational,related|suggestions
random bible verse old testament,Bible verses,10,,LOW,Informational,suggestions
random california phone number generator,Phone numbers,10,,LOW,Transactional,suggestions
random chinese phone number generator,Phone numbers,10,,LOW,Transactional,suggestions
random christmas object generator,Random objects,10,,LOW,Transactional,suggestions
random everyday object generator,Random objects,10,,LOW,Transactional,apify_autocomplete
random french phone number generator,Phone numbers,10,,LOW,Transactional,suggestions
random generator noun,Random words/nouns,10,,LOW,Transactional,suggestions
random german noun generator,Random words/nouns,10,,LOW,Transactional,suggestions
random halloween object generator,Random objects,10,,LOW,Transactional,suggestions
random house object generator,Random objects,10,,LOW,Transactional,apify_autocomplete
random item generator dnd 5e,Random objects,10,,LOW,Transactional,apify_autocomplete
random item generator dti,Random objects,10,,—,Transactional,apify_autocomplete
random item generator isaac,Random objects,10,,LOW,Transactional,apify_autocomplete
random item generator league of legends,Random objects,10,,LOW,Transactional,apify_autocomplete
random item generator lol,Random objects,10,,LOW,Transactional,apify_autocomplete
random item generator minecraft bedrock,Random objects,10,,LOW,Transactional,apify_autocomplete
random item generator minecraft command,Random objects,10,,LOW,Transactional,apify_autocomplete
random item generator minecraft datapack,Random objects,10,,—,Transactional,apify_autocomplete
random item generator minecraft mod,Random objects,10,,LOW,Transactional,apify_autocomplete
random item generator mod,Random objects,10,,LOW,Transactional,apify_autocomplete
random item generator pathfinder,Random objects,10,,LOW,Transactional,apify_autocomplete
random item generator with pictures,Random objects,10,,LOW,Transactional,apify_autocomplete
random item wheel minecraft,Random objects,10,,LOW,Informational,related
random item word generator,Random words/nouns,10,,LOW,Transactional,apify_autocomplete
random json object generator,Random objects,10,,—,Transactional,suggestions
random mii qr code generator,QR codes,10,,LOW,Transactional,suggestions
random minecraft object generator,Random objects,10,,LOW,Transactional,suggestions
random mobile number generator in java,Other,10,,LOW,Transactional,apify_autocomplete
random module object is not callable,Random objects,10,,—,Informational,suggestions
random name and phone number generator,Phone numbers,10,,LOW,Transactional,suggestions
random name email and phone number generator,Phone numbers,10,,LOW,Transactional,suggestions
random noun adjective and verb generator,Random words/nouns,10,,—,Transactional,suggestions
random noun generator api,Random words/nouns,10,,—,Transactional,suggestions
random noun generator for charades,Random words/nouns,10,,LOW,Transactional,related|suggestions
random noun generator pictionary,Random words/nouns,10,,LOW,Transactional,suggestions
random noun verb adjective generator,Random words/nouns,10,,LOW,Transactional,suggestions
random number generator device,Other,10,0.59,LOW,Transactional,apify_autocomplete
random number generator don t repeat,Other,10,,LOW,Transactional,apify_autocomplete
random number generator duck race,Other,10,,LOW,Transactional,apify_autocomplete
random number generator every 5 seconds,Other,10,,LOW,Transactional,apify_autocomplete
random number generator hackerrank solution,Other,10,,—,Transactional,apify_autocomplete
random number generator horse race,Other,10,,LOW,Transactional,apify_autocomplete
random number generator java with range,Other,10,,—,Transactional,apify_autocomplete
random number generator javascript between 1 and 10,Other,10,,LOW,Transactional,apify_autocomplete
random number generator kit,Other,10,,LOW,Transactional,apify_autocomplete
random number generator kotlin,Other,10,,LOW,Transactional,apify_autocomplete
random number generator l,Other,10,,LOW,Transactional,apify_autocomplete
random number generator leetcode,Other,10,,—,Transactional,apify_autocomplete
random number generator meaning,Other,10,,LOW,Transactional,apify_autocomplete
random number generator qt,Other,10,,—,Transactional,apify_autocomplete
random number generator quantum computer,Other,10,,LOW,Transactional,apify_autocomplete
random number generator questions,Other,10,,LOW,Transactional,apify_autocomplete
random number generator up to 10,Other,10,,LOW,Transactional,apify_autocomplete
random number generator up to 100,Other,10,,LOW,Transactional,apify_autocomplete
random number generator verification,Other,10,,LOW,Transactional,apify_autocomplete
random number generator video,Other,10,,LOW,Transactional,apify_autocomplete
random number generator voice,Other,10,,LOW,Transactional,apify_autocomplete
random number generator xkcd,Other,10,,—,Transactional,apify_autocomplete
random number generator youtube,Other,10,,LOW,Transactional,apify_autocomplete
random number generator zero through nine,Other,10,,LOW,Transactional,apify_autocomplete
random number phone number generator,Phone numbers,10,,LOW,Transactional,suggestions
random object and animal generator,Random objects,10,,LOW,Transactional,suggestions
random object animal generator,Random objects,10,,LOW,Transactional,apify_autocomplete
random object character generator,Random objects,10,,LOW,Transactional,suggestions
random object drawing generator,Random objects,10,,LOW,Transactional,related|suggestions
random object earrings,Random objects,10,,LOW,Informational,suggestions
random object edit,Random objects,10,,LOW,Informational,suggestions
random object generator for art,Random objects,10,,LOW,Transactional,suggestions
random object generator for drawing,Random objects,10,,LOW,Transactional,suggestions
random object generator for pictionary,Random objects,10,,LOW,Transactional,suggestions
random object generator image,Random objects,10,,LOW,Transactional,suggestions
random object generator java,Random objects,10,,LOW,Transactional,suggestions
random object generator online,Random objects,10,,LOW,Transactional,suggestions
random object generator pictionary,Random objects,10,,LOW,Transactional,suggestions
random object generator pictures,Random objects,10,,LOW,Transactional,suggestions
random object halloween costumes,Random objects,10,,—,Informational,suggestions
random object id,Random objects,10,,LOW,Informational,suggestions
random object id generator,Random objects,10,,—,Transactional,suggestions
random object javascript,Random objects,10,,—,Informational,suggestions
random object name,Random objects,10,,LOW,Informational,suggestions
random object noun generator,Random words/nouns,10,,—,Transactional,apify_autocomplete
random object or animal generator,Random objects,10,,LOW,Transactional,suggestions
random object photo generator,Random objects,10,,LOW,Transactional,suggestions
random object reloads,Random objects,10,,LOW,Informational,suggestions
random object sculpture,Random objects,10,,LOW,Informational,suggestions
random object show challenge generator,Random objects,10,,LOW,Transactional,suggestions
random object words,Random objects,10,,LOW,Informational,suggestions
random objectid generator,Random objects,10,,—,Transactional,apify_autocomplete
random phone number generator america,Phone numbers,10,,—,Transactional,suggestions
random phone number generator and sms,Phone numbers,10,1.63,LOW,Transactional,suggestions
random phone number generator arizona,Phone numbers,10,,LOW,Transactional,apify_autocomplete
random phone number generator aus,Phone numbers,10,,—,Transactional,suggestions
random phone number generator australia,Phone numbers,10,,—,Transactional,suggestions
random phone number generator belgium,Phone numbers,10,,—,Transactional,apify_autocomplete
random phone number generator bot telegram,Phone numbers,10,,LOW,Transactional,apify_autocomplete
random phone number generator brazil,Phone numbers,10,,—,Transactional,suggestions
random phone number generator colorado,Phone numbers,10,,LOW,Transactional,apify_autocomplete
random phone number generator croatia,Phone numbers,10,,—,Transactional,apify_autocomplete
random phone number generator cz,Phone numbers,10,,—,Transactional,suggestions
random phone number generator denmark,Phone numbers,10,,—,Transactional,suggestions
random phone number generator excel,Phone numbers,10,,—,Transactional,suggestions
random phone number generator florida,Phone numbers,10,,LOW,Transactional,apify_autocomplete
random phone number generator for code,Phone numbers,10,,LOW,Transactional,suggestions
random phone number generator for otp,Phone numbers,10,,LOW,Transactional,suggestions
random phone number generator for verification code,Phone numbers,10,2.32,LOW,Transactional,apify_autocomplete
random phone number generator for whatsapp,Phone numbers,10,,—,Transactional,suggestions
random phone number generator france,Phone numbers,10,,—,Transactional,suggestions
random phone number generator georgia,Phone numbers,10,,LOW,Transactional,suggestions
random phone number generator germany,Phone numbers,10,,LOW,Transactional,apify_autocomplete
random phone number generator hk,Phone numbers,10,,—,Transactional,apify_autocomplete
random phone number generator illinois,Phone numbers,10,,LOW,Transactional,suggestions
random phone number generator indiana,Phone numbers,10,,—,Transactional,apify_autocomplete
random phone number generator iphone,Phone numbers,10,,LOW,Transactional,suggestions
random phone number generator ireland,Phone numbers,10,,—,Transactional,suggestions
random phone number generator italy,Phone numbers,10,,—,Transactional,suggestions
random phone number generator japan,Phone numbers,10,,LOW,Transactional,suggestions
random phone number generator java,Phone numbers,10,,LOW,Transactional,apify_autocomplete
random phone number generator latvia,Phone numbers,10,,—,Transactional,apify_autocomplete
random phone number generator london,Phone numbers,10,,—,Transactional,suggestions
random phone number generator maryland,Phone numbers,10,0.98,LOW,Transactional,suggestions
random phone number generator massachusetts,Phone numbers,10,,—,Transactional,suggestions
random phone number generator minnesota,Phone numbers,10,,—,Transactional,apify_autocomplete
random phone number generator missouri,Phone numbers,10,,—,Transactional,suggestions
random phone number generator nc,Phone numbers,10,,LOW,Transactional,suggestions
random phone number generator nevada,Phone numbers,10,,—,Transactional,suggestions
random phone number generator new jersey,Phone numbers,10,,LOW,Transactional,suggestions
random phone number generator new york,Phone numbers,10,,LOW,Transactional,suggestions
random phone number generator nigeria,Phone numbers,10,,—,Transactional,suggestions
random phone number generator nl,Phone numbers,10,,—,Transactional,apify_autocomplete
random phone number generator norway,Phone numbers,10,,—,Transactional,suggestions
random phone number generator ny,Phone numbers,10,,LOW,Transactional,suggestions
random phone number generator online,Phone numbers,10,,LOW,Transactional,suggestions
random phone number generator ontario,Phone numbers,10,,—,Transactional,suggestions
random phone number generator oregon,Phone numbers,10,,LOW,Transactional,suggestions
random phone number generator otp,Phone numbers,10,7.33,LOW,Transactional,apify_autocomplete
random phone number generator ph,Phone numbers,10,,—,Transactional,suggestions
random phone number generator pl,Phone numbers,10,,—,Transactional,suggestions
random phone number generator portugal,Phone numbers,10,,—,Transactional,apify_autocomplete
random phone number generator python,Phone numbers,10,,—,Transactional,suggestions
random phone number generator real,Phone numbers,10,,LOW,Transactional,apify_autocomplete
random phone number generator receive sms,Phone numbers,10,,LOW,Transactional,apify_autocomplete
random phone number generator reddit,Phone numbers,10,,LOW,Transactional,apify_autocomplete
random phone number generator russia,Phone numbers,10,,—,Transactional,suggestions
random phone number generator serbia,Phone numbers,10,,—,Transactional,apify_autocomplete
random phone number generator slovakia,Phone numbers,10,,—,Transactional,apify_autocomplete
random phone number generator spain,Phone numbers,10,,—,Transactional,suggestions
random phone number generator starting with 09,Phone numbers,10,,—,Transactional,suggestions
random phone number generator text,Phone numbers,10,0.76,LOW,Transactional,suggestions
random phone number generator that can receive texts,Phone numbers,10,2.78,MEDIUM,Transactional,apify_autocomplete
random phone number generator to get code,Phone numbers,10,,LOW,Transactional,related|suggestions
random phone number generator to receive sms,Phone numbers,10,,LOW,Transactional,suggestions
random phone number generator toronto,Phone numbers,10,,—,Transactional,suggestions
random phone number generator turkey,Phone numbers,10,,—,Transactional,suggestions
random phone number generator uae,Phone numbers,10,,—,Transactional,apify_autocomplete
random phone number generator united states,Phone numbers,10,,—,Transactional,suggestions
random phone number generator verification,Phone numbers,10,,LOW,Transactional,suggestions
random phone number generator verification code,Phone numbers,10,,LOW,Transactional,apify_autocomplete
random phone number generator virginia,Phone numbers,10,,LOW,Transactional,apify_autocomplete
random phone number generator washington,Phone numbers,10,,LOW,Transactional,suggestions
random phone number generator wheel free,Phone numbers,10,,LOW,Transactional,related|suggestions
random phone number generator wheel uk,Phone numbers,10,,—,Transactional,apify_autocomplete
random phone number generator with inbox,Phone numbers,10,,LOW,Transactional,related
random phone number generator with messages,Phone numbers,10,,LOW,Transactional,suggestions
random phone number generator with otp,Phone numbers,10,,LOW,Transactional,suggestions
random phone number generator with text,Phone numbers,10,,LOW,Transactional,apify_autocomplete
random proverbs verse generator,Bible verses,10,,LOW,Transactional,related
random qr code generator free,QR codes,10,,LOW,Transactional,related|suggestions
random qr code generator funny,QR codes,10,1.37,LOW,Transactional,suggestions
random qr code generator pokemon,QR codes,10,,LOW,Transactional,suggestions
random qr code maker,QR codes,10,,LOW,Transactional,apify_autocomplete
random qr code svg,QR codes,10,,LOW,Informational,related
random space object generator,Random objects,10,,LOW,Transactional,suggestions
random specific object generator,Random objects,10,,LOW,Transactional,suggestions
random uk address and phone number generator,Phone numbers,10,,LOW,Transactional,suggestions
random us phone number generator wheel,Phone numbers,10,,LOW,Transactional,apify_autocomplete
random valid phone number generator,Phone numbers,10,,LOW,Transactional,suggestions
random verse bible generator,Bible verses,10,,LOW,Transactional,suggestions
random word generator adjective and noun,Random words/nouns,10,,LOW,Transactional,suggestions
random word generator for songs wheel,Random words/nouns,10,,LOW,Transactional,related
random word generator for youtube,Random words/nouns,10,,LOW,Transactional,apify_autocomplete
random word generator in python,Random words/nouns,10,,LOW,Transactional,apify_autocomplete
random word generator in songs,Random words/nouns,10,,LOW,Transactional,apify_autocomplete
random word generator indonesia,Random words/nouns,10,,—,Transactional,apify_autocomplete
random word generator japanese,Random words/nouns,10,,LOW,Transactional,apify_autocomplete
random word generator java,Random words/nouns,10,,LOW,Transactional,apify_autocomplete
random word generator js,Random words/nouns,10,,LOW,Transactional,apify_autocomplete
random word generator latin,Random words/nouns,10,,LOW,Transactional,apify_autocomplete
random word generator latvian,Random words/nouns,10,,—,Transactional,apify_autocomplete
random word generator letters,Random words/nouns,10,,LOW,Transactional,apify_autocomplete
random word generator lithuanian,Random words/nouns,10,,—,Transactional,apify_autocomplete
random word generator make your own,Random words/nouns,10,,LOW,Transactional,apify_autocomplete
random word generator malay,Random words/nouns,10,,—,Transactional,apify_autocomplete
random word generator minecraft,Random words/nouns,10,,—,Transactional,apify_autocomplete
random word generator movies,Random words/nouns,10,,—,Transactional,apify_autocomplete
random word generator music,Random words/nouns,10,,LOW,Transactional,apify_autocomplete
random word generator name,Random words/nouns,10,,LOW,Transactional,apify_autocomplete
random word generator no repeats,Random words/nouns,10,,LOW,Transactional,apify_autocomplete
random word generator npm,Random words/nouns,10,,LOW,Transactional,apify_autocomplete
random word generator number of letters,Random words/nouns,10,,LOW,Transactional,apify_autocomplete
random word generator picture,Random words/nouns,10,,LOW,Transactional,apify_autocomplete
random word generator portuguese,Random words/nouns,10,,LOW,Transactional,apify_autocomplete
random word generator rhyme,Random words/nouns,10,,LOW,Transactional,apify_autocomplete
random word generator romanian,Random words/nouns,10,,LOW,Transactional,apify_autocomplete
random word generator russian,Random words/nouns,10,,LOW,Transactional,apify_autocomplete
random word generator serbian,Random words/nouns,10,,LOW,Transactional,apify_autocomplete
random word generator simple,Random words/nouns,10,,LOW,Transactional,apify_autocomplete
random word generator song game,Random words/nouns,10,,LOW,Transactional,apify_autocomplete
random word generator tagalog,Random words/nouns,10,,—,Transactional,apify_autocomplete
random word generator theme,Random words/nouns,10,,LOW,Transactional,apify_autocomplete
random word generator things,Random words/nouns,10,,LOW,Transactional,apify_autocomplete
random word generator to practice speaking,Random words/nouns,10,,LOW,Transactional,apify_autocomplete
random word generator to talk about,Random words/nouns,10,,LOW,Transactional,apify_autocomplete
random word generator turkish,Random words/nouns,10,,LOW,Transactional,related
random word generator uk,Random words/nouns,10,,—,Transactional,apify_autocomplete
random word generator urban dictionary,Random words/nouns,10,,—,Transactional,apify_autocomplete
random word generator username,Random words/nouns,10,,LOW,Transactional,apify_autocomplete
random word generator using letters,Random words/nouns,10,,LOW,Transactional,apify_autocomplete
random word generator verb,Random words/nouns,10,,LOW,Transactional,apify_autocomplete
random word generator vocabulary,Random words/nouns,10,,LOW,Transactional,apify_autocomplete
random word generator with categories,Random words/nouns,10,,LOW,Transactional,apify_autocomplete
random word generator with meaning,Random words/nouns,10,,LOW,Transactional,apify_autocomplete
random word generator with timer,Random words/nouns,10,,LOW,Transactional,apify_autocomplete
random word generator writing prompt,Random words/nouns,10,,LOW,Transactional,apify_autocomplete
random word generator yes or no,Random words/nouns,10,,LOW,Transactional,apify_autocomplete
real phone numbers to call for fun,Phone numbers,10,,LOW,Informational,related
real phone numbers to call when bored free,Phone numbers,10,,LOW,Transactional,related
rickroll qr code free,QR codes,10,,—,Transactional,related
scan for location map,QR codes,10,,—,Informational,related
scan location qr code,QR codes,10,3.56,MEDIUM,Informational,related
scan map qr code,QR codes,10,,—,Informational,related
sing a song with the word generator online free,Random words/nouns,10,1.4,LOW,Transactional,related
text qr code scanner,QR codes,10,0.9,MEDIUM,Informational,related
text to qr code free download,QR codes,10,,LOW,Transactional,related
the story shack random object generator,Random objects,10,,—,Transactional,suggestions
typeerror module object is not callable random,Random objects,10,,—,Informational,suggestions
unity spawn object at random position 2d,Random objects,10,,—,Informational,suggestions
us phone number random generator,Phone numbers,10,,LOW,Transactional,suggestions
valid fake phone number generator,Phone numbers,10,,LOW,Transactional,suggestions
what random object am i,Random objects,10,,LOW,Informational,suggestions
what random object are you quiz,Random objects,10,,—,Informational,suggestions
whatsapp qr code generator with logo free,QR codes,10,2.7,HIGH,Transactional,related
a random qr code generator,QR codes,,,—,Transactional,apify_autocomplete
detail types of random qr codes and their best uses,QR codes,,,—,Commercial,apify_autocomplete
dti random item generator online,Random objects,,,—,Transactional,apify_autocomplete
every word in english a-z,Random words/nouns,,,—,Informational,related
fake cell phone number generator philippines,Phone numbers,0,,—,Transactional,suggestions
fake indian phone number generator for otp,Phone numbers,0,,—,Transactional,suggestions
fake pakistan phone number generator,Phone numbers,0,,—,Transactional,suggestions
fake phone number canada generator,Phone numbers,0,,—,Transactional,suggestions
fake phone number generator code,Phone numbers,0,,—,Transactional,suggestions
fake phone number generator for otp india,Phone numbers,0,,—,Transactional,suggestions
fake phone number generator for snapchat,Phone numbers,0,,—,Transactional,suggestions
fake phone number generator for surveys,Phone numbers,0,,—,Transactional,suggestions
fake phone number generator for surveys malaysia,Phone numbers,0,,—,Transactional,suggestions
fake phone number generator germany,Phone numbers,0,,—,Transactional,suggestions
fake phone number generator italy,Phone numbers,0,,—,Transactional,suggestions
fake phone number generator netherlands,Phone numbers,0,,—,Transactional,suggestions
fake phone number generator nz,Phone numbers,0,,—,Transactional,suggestions
fake phone number generator philippines,Phone numbers,0,,—,Transactional,suggestions
fake phone number generator poland,Phone numbers,0,,—,Transactional,suggestions
fake phone number generator portugal,Phone numbers,0,,—,Transactional,suggestions
fake phone number generator saudi arabia,Phone numbers,0,,—,Transactional,suggestions
fake phone number generator sms vérification,Phone numbers,,,—,Transactional,suggestions
fake phone number generator thailand,Phone numbers,0,,—,Transactional,suggestions
fake phone number generator turkey,Phone numbers,0,,—,Transactional,suggestions
fake phone number generator uae,Phone numbers,0,,—,Transactional,suggestions
fake phone number generator with sms canada,Phone numbers,0,,—,Transactional,suggestions
fake us phone number generator for verification,Phone numbers,0,,—,Transactional,suggestions
generate random items,Random objects,,,—,Informational,apify_autocomplete
give me a random object generator,Random objects,,,—,Transactional,apify_autocomplete
google random object generator,Random objects,,,—,Transactional,apify_autocomplete
list of random facts generator,Other,,,—,Transactional,apify_autocomplete
negative adjective generator,Random words/nouns,,,—,Transactional,related
random adjective noun verb generator,Random words/nouns,,,—,Transactional,apify_autocomplete
random basic object generator,Random objects,,,—,Transactional,apify_autocomplete
random bedroom object generator,Random objects,,,—,Transactional,apify_autocomplete
random bible verse for decision making,Bible verses,,,—,Informational,related
random big object generator,Random objects,,,—,Transactional,apify_autocomplete
random big qr code generator,QR codes,,,—,Transactional,apify_autocomplete
random electric object generator,Random objects,,,—,Transactional,apify_autocomplete
random electronic object generator,Random objects,,,—,Transactional,apify_autocomplete
random gd object generator,Random objects,,,—,Transactional,apify_autocomplete
random horror object generator,Random objects,,,—,Transactional,apify_autocomplete
random household object generator wheel,Random objects,,,—,Transactional,apify_autocomplete
random item animal generator,Random objects,,,—,Transactional,apify_autocomplete
random item asylum generator,Random objects,,,—,Transactional,apify_autocomplete
random item barcode generator,Random objects,,,—,Transactional,apify_autocomplete
random item block generator,Random objects,,,—,Transactional,apify_autocomplete
random item block generator minecraft,Random objects,,,—,Transactional,apify_autocomplete
random item category generator,Random objects,,,—,Transactional,apify_autocomplete
random item generator andrew,Random objects,,,—,Transactional,apify_autocomplete
random item generator app,Random objects,,,—,Transactional,apify_autocomplete
random item generator datapack,Random objects,,,—,Transactional,apify_autocomplete
random item generator dbd,Random objects,,,—,Transactional,apify_autocomplete
random item generator dress to impress,Random objects,,,—,Transactional,apify_autocomplete
random item generator elden ring,Random objects,,,—,Transactional,apify_autocomplete
random item generator excel,Random objects,,,—,Transactional,apify_autocomplete
random item generator for art,Random objects,,,—,Transactional,apify_autocomplete
random item generator game,Random objects,,,—,Transactional,apify_autocomplete
random item generator image,Random objects,,,—,Transactional,apify_autocomplete
random item generator in minecraft,Random objects,,,—,Transactional,apify_autocomplete
random item generator kids,Random objects,,,—,Transactional,apify_autocomplete
random item generator league,Random objects,,,—,Transactional,apify_autocomplete
random item generator list,Random objects,,,—,Transactional,apify_autocomplete
random item generator minecraft command block,Random objects,,,—,Transactional,apify_autocomplete
random item generator minecraft java,Random objects,,,—,Transactional,apify_autocomplete
random item generator minecraft server,Random objects,,,—,Transactional,apify_autocomplete
random item generator online,Random objects,,,—,Transactional,apify_autocomplete
random item generator osrs,Random objects,,,—,Transactional,apify_autocomplete
random item generator perchance,Random objects,,,—,Transactional,apify_autocomplete
random item generator pf2e,Random objects,,,—,Transactional,apify_autocomplete
random item generator pictionary,Random objects,,,—,Transactional,apify_autocomplete
random item generator picture,Random objects,,,—,Transactional,apify_autocomplete
random item generator resurrected,Random objects,,,—,Transactional,apify_autocomplete
random item generator risk of rain 2,Random objects,,,—,Transactional,apify_autocomplete
random item generator roblox,Random objects,,,—,Transactional,apify_autocomplete
random item generator ror2,Random objects,,,—,Transactional,apify_autocomplete
random item generator rpg,Random objects,,,—,Transactional,apify_autocomplete
random item generator sims 4,Random objects,,,—,Transactional,apify_autocomplete
random item generator stardew,Random objects,,,—,Transactional,apify_autocomplete
random item generator subnautica,Random objects,,,—,Transactional,apify_autocomplete
random item generator tboi,Random objects,,,—,Transactional,apify_autocomplete
random item generator terraria,Random objects,,,—,Transactional,apify_autocomplete
random item number generator,Random objects,,,—,Transactional,apify_autocomplete
random item shop generator 5e,Random objects,,,—,Transactional,apify_autocomplete
random japanese noun generator,Random words/nouns,,,—,Transactional,apify_autocomplete
random kitchen object generator,Random objects,,,—,Transactional,apify_autocomplete
random large object generator,Random objects,,,—,Transactional,apify_autocomplete
random lego object generator,Random objects,,,—,Transactional,apify_autocomplete
random niche object generator,Random objects,,,—,Transactional,apify_autocomplete
random noun generator desi,Random words/nouns,,,—,Transactional,apify_autocomplete
random noun generator easy,Random words/nouns,,,—,Transactional,apify_autocomplete
random noun generator funny,Random words/nouns,,,—,Transactional,apify_autocomplete
random noun generator kids,Random words/nouns,,,—,Transactional,apify_autocomplete
random noun generator perchance,Random words/nouns,,,—,Transactional,apify_autocomplete
random noun generator simple,Random words/nouns,,,—,Transactional,apify_autocomplete
random noun generator spanish,Random words/nouns,,,—,Transactional,apify_autocomplete
random noun generator to draw,Random words/nouns,,,—,Transactional,apify_autocomplete
random noun generator with pictures,Random words/nouns,,,—,Transactional,apify_autocomplete
random noun generator xbox,Random words/nouns,,,—,Transactional,apify_autocomplete
random noun generator xl,Random words/nouns,,,—,Transactional,apify_autocomplete
random noun generator xml,Random words/nouns,,,—,Transactional,apify_autocomplete
random noun generator xml file,Random words/nouns,,,—,Transactional,apify_autocomplete
random noun generator xp,Random words/nouns,,,—,Transactional,apify_autocomplete
random noun object generator,Random words/nouns,,,—,Transactional,apify_autocomplete
random noun verb generator,Random words/nouns,,,—,Transactional,apify_autocomplete
random number generator google wheel,Other,,,—,Transactional,apify_autocomplete
random number generator housie,Other,,,—,Transactional,apify_autocomplete
random number generator key,Other,,,—,Transactional,apify_autocomplete
random number generator key fob,Other,,,—,Transactional,apify_autocomplete
random number generator keychain,Other,,,—,Transactional,apify_autocomplete
random number generator kids,Other,,,—,Transactional,apify_autocomplete
random number generator qatar,Other,,,—,Transactional,apify_autocomplete
random number generator qr code,QR codes,,,—,Transactional,apify_autocomplete
random number generator quick,Other,,,—,Transactional,apify_autocomplete
random number generator quick pick,Other,,,—,Transactional,apify_autocomplete
random number generator x2,Other,,,—,Transactional,apify_autocomplete
random number generator x3,Other,,,—,Transactional,apify_autocomplete
random number generator xls,Other,,,—,Transactional,apify_autocomplete
random number generator xor,Other,,,—,Transactional,apify_autocomplete
random number generator xslt,Other,,,—,Transactional,apify_autocomplete
random number generator xyz,Other,,,—,Transactional,apify_autocomplete
random number generator yes or no,Other,,,—,Transactional,apify_autocomplete
random number generator zapier,Other,,,—,Transactional,apify_autocomplete
random number generator zephyr,Other,,,—,Transactional,apify_autocomplete
random number generator zero through 100,Other,,,—,Transactional,apify_autocomplete
random number generator zig,Other,,,—,Transactional,apify_autocomplete
random object and adjective generator,Random objects,,,—,Transactional,apify_autocomplete
random object category generator,Random objects,,,—,Transactional,apify_autocomplete
random object combination generator,Random objects,,,—,Transactional,apify_autocomplete
random object description generator,Random objects,,,—,Transactional,apify_autocomplete
random object emoji generator,Random objects,,,—,Transactional,apify_autocomplete
random object generate,Random objects,,,—,Informational,apify_autocomplete
random object generator 1500,Random objects,,,—,Transactional,apify_autocomplete
random object generator ai,Random objects,,,—,Transactional,apify_autocomplete
random object generator api,Random objects,,,—,Transactional,apify_autocomplete
random object generator art,Random objects,,,—,Transactional,apify_autocomplete
random object generator bfdi,Random objects,,,—,Transactional,apify_autocomplete
random object generator blender,Random objects,,,—,Transactional,apify_autocomplete
random object generator dandy's world,Random objects,,,—,Transactional,apify_autocomplete
random object generator dnd,Random objects,,,—,Transactional,apify_autocomplete
random object generator drawing,Random objects,,,—,Transactional,apify_autocomplete
random object generator easy,Random objects,,,—,Transactional,apify_autocomplete
random object generator fantasy,Random objects,,,—,Transactional,apify_autocomplete
random object generator for charades,Random objects,,,—,Transactional,apify_autocomplete
random object generator for dandy's world oc,Random objects,,,—,Transactional,apify_autocomplete
random object generator for infinite craft,Random objects,,,—,Transactional,apify_autocomplete
random object generator for kids,Random objects,,,—,Transactional,apify_autocomplete
random object generator for writing,Random objects,,,—,Transactional,apify_autocomplete
random object generator funny,Random objects,,,—,Transactional,apify_autocomplete|related
random object generator game,Random objects,,,—,Transactional,apify_autocomplete
random object generator generator,Random objects,,,—,Transactional,apify_autocomplete
random object generator javascript,Random objects,,,—,Transactional,apify_autocomplete
random object generator js,Random objects,,,—,Transactional,apify_autocomplete
random object generator kids,Random objects,,,—,Transactional,apify_autocomplete
random object generator list,Random objects,,,—,Transactional,apify_autocomplete
random object generator minecraft,Random objects,,,—,Transactional,apify_autocomplete
random object generator name,Random objects,,,—,Transactional,apify_autocomplete
random object generator nature,Random objects,,,—,Transactional,apify_autocomplete
random object generator nederlands,Random objects,,,—,Transactional,apify_autocomplete
random object generator oc,Random objects,,,—,Transactional,apify_autocomplete
random object generator org,Random objects,,,—,Transactional,apify_autocomplete
random object generator osc,Random objects,,,—,Transactional,apify_autocomplete
random object generator perchance,Random objects,,,—,Transactional,apify_autocomplete
random object generator picture,Random objects,,,—,Transactional,apify_autocomplete
random object generator qlik sense,Random objects,,,—,Transactional,apify_autocomplete
random object generator questions,Random objects,,,—,Transactional,apify_autocomplete
random object generator quick,Random objects,,,—,Transactional,apify_autocomplete
random object generator quiz,Random objects,,,—,Transactional,apify_autocomplete
random object generator simple,Random objects,,,—,Transactional,apify_autocomplete
random object generator spin the wheel,Random objects,,,—,Transactional,apify_autocomplete
random object generator to build in minecraft,Random objects,,,—,Transactional,apify_autocomplete
random object generator to draw easy,Random objects,,,—,Transactional,apify_autocomplete
random object generator to draw wheel,Random objects,,,—,Transactional,apify_autocomplete
random object generator to paint,Random objects,,,—,Transactional,apify_autocomplete
random object generator with photo,Random objects,,,—,Transactional,apify_autocomplete
random object generator with pictures for kids,Random objects,,,—,Transactional,apify_autocomplete
random object generator with pictures online,Random objects,,,—,Transactional,apify_autocomplete
random object generator word,Random words/nouns,,,—,Transactional,apify_autocomplete
random object generator x gene,Random objects,,,—,Transactional,apify_autocomplete
random object generator xbox,Random objects,,,—,Transactional,apify_autocomplete
random object generator xcode,Random objects,,,—,Transactional,apify_autocomplete
random object generator xml,Random objects,,,—,Transactional,apify_autocomplete
random object generator xml file,Random objects,,,—,Transactional,apify_autocomplete
random object generator xyz,Random objects,,,—,Transactional,apify_autocomplete
random object generator yahoo,Random objects,,,—,Transactional,apify_autocomplete
random object generator yes or no,Random objects,,,—,Transactional,apify_autocomplete
random object generator youtube,Random objects,,,—,Transactional,apify_autocomplete
random object generator youtube channel,Random objects,,,—,Transactional,apify_autocomplete
random object generator youtube video,Random objects,,,—,Transactional,apify_autocomplete
random object generator zbrush,Random objects,,,—,Transactional,apify_autocomplete
random object generator zelda,Random objects,,,—,Transactional,apify_autocomplete
random object generator zip code,Random objects,,,—,Transactional,apify_autocomplete
random object generator zoom,Random objects,,,—,Transactional,apify_autocomplete
random object generator zzz,Random objects,,,—,Transactional,apify_autocomplete
random object head generator,Random objects,,,—,Transactional,apify_autocomplete
random object idea generator,Random objects,,,—,Transactional,apify_autocomplete
random object prompt generator,Random objects,,,—,Transactional,apify_autocomplete
random object reference generator,Random objects,,,—,Transactional,apify_autocomplete
random object show host generator,Random objects,,,—,Transactional,apify_autocomplete
random object show oc generator,Random objects,,,—,Transactional,apify_autocomplete
random object show team name generator,Random objects,,,—,Transactional,apify_autocomplete
random object thing generator,Random objects,,,—,Transactional,apify_autocomplete
random object voting,Random objects,,,—,Informational,apify_autocomplete
random object word generator to draw,Random words/nouns,,,—,Transactional,apify_autocomplete
random phone number and zip code,Phone numbers,,,—,Informational,apify_autocomplete
random phone number generator ai,Phone numbers,,,—,Transactional,apify_autocomplete
random phone number generator and code,Phone numbers,,,—,Transactional,apify_autocomplete
random phone number generator app for iphone,Phone numbers,,,—,Transactional,apify_autocomplete
random phone number generator app free,Phone numbers,,,—,Transactional,apify_autocomplete
random phone number generator austria,Phone numbers,,,—,Transactional,apify_autocomplete
random phone number generator bd,Phone numbers,0,,—,Transactional,apify_autocomplete
random phone number generator california free,Phone numbers,,,—,Transactional,apify_autocomplete
random phone number generator chicago,Phone numbers,,,—,Transactional,apify_autocomplete
random phone number generator code,Phone numbers,,,—,Transactional,apify_autocomplete
random phone number generator com,Phone numbers,,,—,Transactional,apify_autocomplete
random phone number generator for call,Phone numbers,,,—,Transactional,apify_autocomplete
random phone number generator for email,Phone numbers,,,—,Transactional,apify_autocomplete
random phone number generator for messages,Phone numbers,,,—,Transactional,apify_autocomplete
random phone number generator for sms free,Phone numbers,,,—,Transactional,apify_autocomplete
random phone number generator ga,Phone numbers,,,—,Transactional,apify_autocomplete
random phone number generator google,Phone numbers,,,—,Transactional,apify_autocomplete
random phone number generator in excel,Phone numbers,,,—,Transactional,apify_autocomplete
random phone number generator in us,Phone numbers,,,—,Transactional,apify_autocomplete
random phone number generator inbox,Phone numbers,,,—,Transactional,apify_autocomplete
random phone number generator jordan,Phone numbers,,,—,Transactional,apify_autocomplete
random phone number generator jp,Phone numbers,,,—,Transactional,apify_autocomplete
random phone number generator kansas,Phone numbers,,,—,Transactional,apify_autocomplete
random phone number generator kentucky,Phone numbers,,,—,Transactional,apify_autocomplete
random phone number generator list,Phone numbers,,,—,Transactional,apify_autocomplete
random phone number generator morocco,Phone numbers,,,—,Transactional,apify_autocomplete
random phone number generator no repeats,Phone numbers,,,—,Transactional,apify_autocomplete
random phone number generator nz,Phone numbers,0,,—,Transactional,apify_autocomplete
random phone number generator real numbers,Phone numbers,,,—,Transactional,apify_autocomplete
random phone number generator rhode island,Phone numbers,,,—,Transactional,apify_autocomplete
random phone number generator send moss,Phone numbers,,,—,Transactional,apify_autocomplete
random phone number generator switzerland,Phone numbers,,,—,Transactional,apify_autocomplete
random phone number generator text message,Phone numbers,,,—,Transactional,apify_autocomplete
random phone number generator verify,Phone numbers,,,—,Transactional,apify_autocomplete
random phone number generator wheel for whatsapp,Phone numbers,,,—,Transactional,apify_autocomplete
random phone number generator with area code,Phone numbers,,,—,Transactional,apify_autocomplete
random phone number generator with code free,Phone numbers,,,—,Transactional,apify_autocomplete
random phone number generator wyoming,Phone numbers,,,—,Transactional,apify_autocomplete
random qr code fake,QR codes,,,—,Informational,apify_autocomplete
random qr code gen,QR codes,,,—,Informational,apify_autocomplete
random qr code generator api,QR codes,,,—,Transactional,apify_autocomplete
random qr code generator canva,QR codes,,,—,Transactional,apify_autocomplete
random qr code generator chrome,QR codes,,,—,Transactional,apify_autocomplete
random qr code generator chrome extension,QR codes,,,—,Transactional,apify_autocomplete
random qr code generator code,QR codes,,,—,Transactional,apify_autocomplete
random qr code generator com,QR codes,,,—,Transactional,apify_autocomplete
random qr code generator data,QR codes,,,—,Transactional,apify_autocomplete
random qr code generator data tracking,QR codes,,,—,Transactional,apify_autocomplete
random qr code generator device,QR codes,,,—,Transactional,apify_autocomplete
random qr code generator discord,QR codes,,,—,Transactional,apify_autocomplete
random qr code generator discord bot,QR codes,,,—,Transactional,apify_autocomplete
random qr code generator doesn t work,QR codes,,,—,Transactional,apify_autocomplete
random qr code generator download,QR codes,,,—,Transactional,apify_autocomplete
random qr code generator drag and drop,QR codes,,,—,Transactional,apify_autocomplete
random qr code generator dynamic,QR codes,,,—,Transactional,apify_autocomplete
random qr code generator dynamic free,QR codes,,,—,Transactional,apify_autocomplete
random qr code generator easy,QR codes,,,—,Transactional,apify_autocomplete
random qr code generator editable,QR codes,,,—,Transactional,apify_autocomplete
random qr code generator email,QR codes,,,—,Transactional,apify_autocomplete
random qr code generator email address,QR codes,,,—,Transactional,apify_autocomplete
random qr code generator eps,QR codes,,,—,Transactional,apify_autocomplete
random qr code generator example,QR codes,,,—,Transactional,apify_autocomplete
random qr code generator excel,QR codes,,,—,Transactional,apify_autocomplete
random qr code generator excel template,QR codes,,,—,Transactional,apify_autocomplete
random qr code generator extension,QR codes,,,—,Transactional,apify_autocomplete
random qr code generator gen,QR codes,,,—,Transactional,apify_autocomplete
random qr code generator github,QR codes,,,—,Transactional,apify_autocomplete
random qr code generator google,QR codes,,,—,Transactional,apify_autocomplete
random qr code generator google chrome,QR codes,,,—,Transactional,apify_autocomplete
random qr code generator google drive,QR codes,,,—,Transactional,apify_autocomplete
random qr code generator google form,QR codes,,,—,Transactional,apify_autocomplete
random qr code generator google sheets,QR codes,,,—,Transactional,apify_autocomplete
random qr code generator hex,QR codes,,,—,Transactional,apify_autocomplete
random qr code generator high error correction,QR codes,,,—,Transactional,apify_autocomplete
random qr code generator high resolution,QR codes,,,—,Transactional,apify_autocomplete
random qr code generator high resolution free,QR codes,,,—,Transactional,apify_autocomplete
random qr code generator home assistant,QR codes,,,—,Transactional,apify_autocomplete
random qr code generator html,QR codes,,,—,Transactional,apify_autocomplete
random qr code generator hubspot,QR codes,,,—,Transactional,apify_autocomplete
random qr code generator image,QR codes,,,—,Transactional,apify_autocomplete
random qr code generator in apple,QR codes,,,—,Transactional,apify_autocomplete
random qr code generator in excel,QR codes,,,—,Transactional,apify_autocomplete
random qr code generator in facebook,QR codes,,,—,Transactional,apify_autocomplete
random qr code generator in google,QR codes,,,—,Transactional,apify_autocomplete
random qr code generator in indesign,QR codes,,,—,Transactional,apify_autocomplete
random qr code generator in python,QR codes,,,—,Transactional,apify_autocomplete
random qr code generator in safari,QR codes,,,—,Transactional,apify_autocomplete
random qr code generator india,QR codes,,,—,Transactional,apify_autocomplete
random qr code generator instagram,QR codes,,,—,Transactional,apify_autocomplete
random qr code generator japan,QR codes,,,—,Transactional,apify_autocomplete
random qr code generator java,QR codes,,,—,Transactional,apify_autocomplete
random qr code generator java example,QR codes,,,—,Transactional,apify_autocomplete
random qr code generator javascript,QR codes,,,—,Transactional,apify_autocomplete
random qr code generator jp,QR codes,,,—,Transactional,apify_autocomplete
random qr code generator js,QR codes,,,—,Transactional,apify_autocomplete
random qr code generator json,QR codes,,,—,Transactional,apify_autocomplete
random qr code generator kahoot,QR codes,,,—,Transactional,apify_autocomplete
random qr code generator kdp,QR codes,,,—,Transactional,apify_autocomplete
random qr code generator key,QR codes,,,—,Transactional,apify_autocomplete
random qr code generator landing page,QR codes,,,—,Transactional,apify_autocomplete
random qr code generator library,QR codes,,,—,Transactional,apify_autocomplete
random qr code generator link,QR codes,,,—,Transactional,apify_autocomplete
random qr code generator linkedin,QR codes,,,—,Transactional,apify_autocomplete
random qr code generator linux,QR codes,,,—,Transactional,apify_autocomplete
random qr code generator list,QR codes,,,—,Transactional,apify_autocomplete
random qr code generator live,QR codes,,,—,Transactional,apify_autocomplete
random qr code generator logo,QR codes,,,—,Transactional,apify_autocomplete
random qr code generator logo free,QR codes,,,—,Transactional,apify_autocomplete
random qr code generator long,QR codes,,,—,Transactional,apify_autocomplete
random qr code generator online,QR codes,,,—,Transactional,apify_autocomplete
random qr code generator png,QR codes,,,—,Transactional,apify_autocomplete
random qr code generator qr code monkey,QR codes,,,—,Transactional,apify_autocomplete
random qr code generator qr code not working,QR codes,,,—,Transactional,apify_autocomplete
random qr code generator qualtrics,QR codes,,,—,Transactional,apify_autocomplete
random qr code generator questionnaire,QR codes,,,—,Transactional,apify_autocomplete
random qr code generator quick,QR codes,,,—,Transactional,apify_autocomplete
random qr code generator quiz,QR codes,,,—,Transactional,apify_autocomplete
random qr code generator svg,QR codes,,,—,Transactional,apify_autocomplete
random qr code no background,QR codes,,,—,Informational,apify_autocomplete
random qr code picture,QR codes,,,—,Informational,apify_autocomplete
random qr codes free,QR codes,,,—,Transactional,apify_autocomplete
random rare object generator,Random objects,,,—,Transactional,apify_autocomplete
random round object generator,Random objects,,,—,Transactional,apify_autocomplete
random song word generator quiz,Random words/nouns,,,—,Transactional,apify_autocomplete
random useful object generator,Random objects,,,—,Transactional,apify_autocomplete
random verb form,Random words/nouns,,,—,Informational,related
random word generator for kids charades,Random words/nouns,,,—,Transactional,apify_autocomplete
random word generator for songs spanish,Random words/nouns,,,—,Transactional,related
random word generator for video games,Random words/nouns,,,—,Transactional,apify_autocomplete
random word generator for youtube channel,Random words/nouns,,,—,Transactional,apify_autocomplete
random word generator gen z,Random words/nouns,,,—,Transactional,apify_autocomplete
random word generator imposter,Random words/nouns,,,—,Transactional,apify_autocomplete
random word generator in french,Random words/nouns,,,—,Transactional,apify_autocomplete
random word generator in hindi,Random words/nouns,,,—,Transactional,apify_autocomplete
random word generator jimpix,Random words/nouns,,,—,Transactional,apify_autocomplete
random word generator jobs,Random words/nouns,,,—,Transactional,apify_autocomplete
random word generator just one,Random words/nouns,,,—,Transactional,apify_autocomplete
random word generator karaoke,Random words/nouns,,,—,Transactional,apify_autocomplete
random word generator kid friendly,Random words/nouns,,,—,Transactional,apify_autocomplete
random word generator kids,Random words/nouns,,,—,Transactional,apify_autocomplete
random word generator kids pictionary,Random words/nouns,,,—,Transactional,apify_autocomplete
random word generator kindergarten,Random words/nouns,,,—,Transactional,apify_autocomplete
random word generator korean,Random words/nouns,,,—,Transactional,apify_autocomplete
random word generator kpop,Random words/nouns,,,—,Transactional,apify_autocomplete
random word generator ks2,Random words/nouns,,,—,Transactional,apify_autocomplete
random word generator l,Random words/nouns,,,—,Transactional,apify_autocomplete
random word generator languages,Random words/nouns,,,—,Transactional,apify_autocomplete
random word generator long,Random words/nouns,,,—,Transactional,apify_autocomplete
random word generator lorem ipsum,Random words/nouns,,,—,Transactional,apify_autocomplete
random word generator lyrics,Random words/nouns,,,—,Transactional,apify_autocomplete
random word generator m,Random words/nouns,,,—,Transactional,apify_autocomplete
random word generator medium,Random words/nouns,,,—,Transactional,apify_autocomplete
random word generator meme,Random words/nouns,,,—,Transactional,apify_autocomplete
random word generator merriam webster,Random words/nouns,,,—,Transactional,apify_autocomplete
random word generator multiple languages,Random words/nouns,,,—,Transactional,apify_autocomplete
random word generator nature,Random words/nouns,,,—,Transactional,apify_autocomplete
random word generator no ads,Random words/nouns,,,—,Transactional,apify_autocomplete
random word generator no ai,Random words/nouns,,,—,Transactional,apify_autocomplete
random word generator no meaning,Random words/nouns,,,—,Transactional,apify_autocomplete
random word generator nonsense,Random words/nouns,,,—,Transactional,apify_autocomplete
random word generator not real words,Random words/nouns,,,—,Transactional,apify_autocomplete
random word generator noun pictionary,Random words/nouns,0,,—,Transactional,suggestions
random word generator noun verb adjective,Random words/nouns,,,—,Transactional,apify_autocomplete
random word generator obscure,Random words/nouns,,,—,Transactional,apify_autocomplete
random word generator of things,Random words/nouns,,,—,Transactional,apify_autocomplete
random word generator on timer,Random words/nouns,,,—,Transactional,apify_autocomplete
random word generator one syllable,Random words/nouns,,,—,Transactional,apify_autocomplete
random word generator out loud,Random words/nouns,,,—,Transactional,apify_autocomplete
random word generator own words,Random words/nouns,,,—,Transactional,apify_autocomplete
random word generator oxford dictionary,Random words/nouns,,,—,Transactional,apify_autocomplete
random word generator password game,Random words/nouns,,,—,Transactional,apify_autocomplete
random word generator pick your own words,Random words/nouns,,,—,Transactional,apify_autocomplete
random word generator poetry,Random words/nouns,,,—,Transactional,apify_autocomplete
random word generator question,Random words/nouns,,,—,Transactional,apify_autocomplete
random word generator r,Random words/nouns,,,—,Transactional,apify_autocomplete
random word generator rap freestyle,Random words/nouns,,,—,Transactional,apify_autocomplete
random word generator rare,Random words/nouns,,,—,Transactional,apify_autocomplete
random word generator read aloud,Random words/nouns,,,—,Transactional,apify_autocomplete
random word generator reddit,Random words/nouns,,,—,Transactional,apify_autocomplete
random word generator romana,Random words/nouns,,,—,Transactional,apify_autocomplete
random word generator scrabble,Random words/nouns,,,—,Transactional,apify_autocomplete
random word generator textfixer,Random words/nouns,,,—,Transactional,apify_autocomplete
random word generator that rhyme,Random words/nouns,,,—,Transactional,apify_autocomplete
random word generator that you can draw,Random words/nouns,,,—,Transactional,apify_autocomplete
random word generator two words,Random words/nouns,,,—,Transactional,apify_autocomplete
random word generator uncommon,Random words/nouns,,,—,Transactional,apify_autocomplete
random word generator unique,Random words/nouns,,,—,Transactional,apify_autocomplete
random word generator urdu,Random words/nouns,,,—,Transactional,apify_autocomplete
random word generator url,Random words/nouns,,,—,Transactional,apify_autocomplete
random word generator vercel,Random words/nouns,,,—,Transactional,apify_autocomplete
random word generator vercel app,Random words/nouns,,,—,Transactional,apify_autocomplete
random word generator video,Random words/nouns,,,—,Transactional,apify_autocomplete
random word generator voice,Random words/nouns,,,—,Transactional,apify_autocomplete
random word generator with your own words,Random words/nouns,,,—,Transactional,apify_autocomplete
random word generator would you rather,Random words/nouns,,,—,Transactional,apify_autocomplete
random word generator you pick,Random words/nouns,,,—,Transactional,apify_autocomplete
the good place random object generator,Random objects,,,—,Transactional,apify_autocomplete
uncommon noun generator,Random words/nouns,,,—,Transactional,related
very random object generator,Random objects,,,—,Transactional,apify_autocomplete
what is a random phone number generator,Phone numbers,,,—,Transactional,apify_autocomplete
